USE `ferreteria-pi_db`;

CREATE TABLE productos(
    cod VARCHAR(11) NOT NULL PRIMARY KEY,
    nombre VARCHAR(180),
    precio DECIMAL(13,2)
);

CREATE TABLE clientes(
    id INT(11) NOT NULL AUTO_INCREMENT PRIMARY KEY,
    nombre VARCHAR(180),
    apellido VARCHAR(180)
);

CREATE TABLE facturas(
    id INT(11) NOT NULL AUTO_INCREMENT PRIMARY KEY,
    id_cliente INT(11),
    fecha TIMESTAMP DEFAULT CURRENT_TIMESTAMP,
    monto DECIMAL(13,2)
);

CREATE TABLE deposito(
    cod_producto VARCHAR(11),
    stock INT(11)
);

INSERT INTO clientes
VALUES
  (1,"Lavinia","Martin"),
  (2,"Tad","Bravo"),
  (3,"Malcolm","Perez"),
  (4,"Neil","Ortega"),
  (5,"Uma","Moreno"),
  (6,"Whitney","Cruz"),
  (7,"Callum","Castillo"),
  (8,"Magee","Morales"),
  (9,"Lara","Mora"),
  (10,"Octavia","Nuñez"),
  (11,"Harding","Vila"),
  (12,"Janna","Ramirez"),
  (13,"Illana","Nuñez"),
  (14,"Timothy","Garcia"),
  (15,"Zelda","Martinez"),
  (16,"Libby","Aguilar"),
  (17,"Nathaniel","Gutierrez"),
  (18,"Ahmed","Diaz"),
  (19,"Delilah","Esteban"),
  (20,"Lamar","Vicente"),
  (21,"Stella","Castillo"),
  (22,"Felicia","Lopez"),
  (23,"Steel","Moreno"),
  (24,"Galvin","Vega"),
  (25,"Hector","Diez"),
  (26,"Scarlett","Hidalgo"),
  (27,"Ruby","Ibañez"),
  (28,"Shelley","Gomez"),
  (29,"Veronica","Rubio"),
  (30,"Joelle","Castro"),
  (31,"Carson","Castro"),
  (32,"Lacota","Fernandez"),
  (33,"Jordan","Hernandez"),
  (34,"Orson","Andres"),
  (35,"Ferdinand","Hernandez"),
  (36,"Vanna","Martin"),
  (37,"Shoshana","Suarez"),
  (38,"Colette","Carrasco"),
  (39,"Robin","Hernandez"),
  (40,"Giselle","Soto"),
  (41,"Xaviera","Cruz"),
  (42,"Demetrius","Vicente"),
  (43,"Kevyn","Vila"),
  (44,"Marshall","Mora"),
  (45,"Linda","Serrano"),
  (46,"Evelyn","Miguel"),
  (47,"Troy","Jimenez"),
  (48,"Garrett","Castro"),
  (49,"Cameran","Soto"),
  (50,"Nash","Flores"),
  (51,"Karleigh","Gil"),
  (52,"Reagan","Blanco"),
  (53,"Nomlanga","Torres"),
  (54,"Lucian","Marin"),
  (55,"Caesar","Vidal"),
  (56,"Lillian","Rubio"),
  (57,"Winifred","Cano"),
  (58,"Todd","Nuñez"),
  (59,"Zephr","Hidalgo"),
  (60,"Kyla","Nieto"),
  (61,"Priscilla","Lorenzo"),
  (62,"Joshua","Guerrero"),
  (63,"Perry","Prieto"),
  (64,"James","Nuñez"),
  (65,"Daria","Redondo"),
  (66,"Yoshio","Nuñez"),
  (67,"Mira","Moreno"),
  (68,"Veda","Vidal"),
  (69,"Xaviera","Miguel"),
  (70,"Carly","Herrera"),
  (71,"Aileen","Molina"),
  (72,"Joel","Ibañez"),
  (73,"Fitzgerald","Alvarez"),
  (74,"Maggy","Jimenez"),
  (75,"Blake","Castillo"),
  (76,"Sopoline","Blanco"),
  (77,"Leilani","Ñez"),
  (78,"Graham","Montero"),
  (79,"Jacob","Blanco"),
  (80,"Charles","Lozano"),
  (81,"Adrian","Merino"),
  (82,"Mira","Vazquez"),
  (83,"Camilla","Prieto"),
  (84,"Emerson","Hidalgo"),
  (85,"Pandora","Navarro"),
  (86,"Odysseus","Bravo"),
  (87,"Brielle","Velasco"),
  (88,"Zia","Sanz"),
  (89,"Nicholas","Izquierdo"),
  (90,"Eliana","Calvo"),
  (91,"Nasim","Soler"),
  (92,"Marah","Martinez"),
  (93,"Keelie","Lorenzo"),
  (94,"Tiger","Perez"),
  (95,"Declan","Delgado"),
  (96,"Emerald","Gimenez"),
  (97,"Elton","Herrera"),
  (98,"Darryl","Vidal"),
  (99,"Orla","Leon"),
  (100,"Beau","Herrera");

 
INSERT INTO facturas
VALUES
  (1,29,"2021-12-20 23:03:18","3210.05"),
  (2,88,"2021-01-11 17:08:14","3495.51"),
  (3,8,"2021-02-20 15:59:21","3244.93"),
  (4,22,"2021-06-22 21:39:04","7451.72"),
  (5,14,"2021-10-19 20:49:12","7253.73"),
  (6,49,"2021-05-04 09:22:49","1512.42"),
  (7,93,"2021-12-19 18:27:25","8364.91"),
  (8,67,"2021-05-06 18:14:13","7057.55"),
  (9,70,"2021-12-07 04:39:01","8581.68"),
  (10,15,"2021-03-05 00:34:49","2751.97"),
  (11,37,"2021-06-11 15:03:48","6220.38"),
  (12,31,"2021-02-15 09:26:06","2961.81"),
  (13,10,"2021-11-10 17:07:36","6523.34"),
  (14,57,"2021-08-20 04:22:26","3908.21"),
  (15,62,"2021-08-17 23:57:03","5755.03"),
  (16,11,"2021-05-10 06:31:10","4918.29"),
  (17,63,"2021-10-03 19:28:10","1406.05"),
  (18,27,"2021-06-05 04:27:27","4754.36"),
  (19,100,"2021-06-17 21:41:33","8675.26"),
  (20,10,"2021-05-13 22:51:09","3592.38"),
  (21,88,"2021-11-01 17:56:24","7938.38"),
  (22,81,"2021-03-21 22:02:21","2899.19"),
  (23,58,"2021-05-11 03:51:38","3493.12"),
  (24,59,"2021-01-11 17:51:56","5501.32"),
  (25,8,"2021-11-16 13:33:19","1522.62"),
  (26,17,"2021-12-16 04:55:24","5254.46"),
  (27,98,"2021-09-06 00:59:10","6417.53"),
  (28,38,"2021-07-17 18:16:23","5455.51"),
  (29,65,"2021-02-02 21:12:00","1905.95"),
  (30,92,"2021-10-31 23:08:29","8961.10"),
  (31,21,"2021-02-03 00:51:13","6198.78"),
  (32,59,"2021-04-15 00:28:33","6012.49"),
  (33,23,"2021-05-11 11:46:36","6514.70"),
  (34,13,"2021-03-11 08:59:03","8668.37"),
  (35,31,"2021-03-19 00:45:05","3929.65"),
  (36,95,"2021-01-16 19:33:53","3443.01"),
  (37,96,"2021-03-23 08:15:45","5578.74"),
  (38,91,"2021-04-07 06:33:32","5564.13"),
  (39,43,"2021-05-15 08:49:22","3055.12"),
  (40,68,"2021-05-20 07:51:33","7462.46"),
  (41,74,"2021-10-10 00:40:09","8369.81"),
  (42,73,"2021-10-13 19:14:11","8352.58"),
  (43,89,"2021-03-14 21:18:30","5263.62"),
  (44,92,"2021-06-17 03:05:19","4068.15"),
  (45,80,"2021-04-18 04:24:42","1912.29"),
  (46,24,"2021-05-17 00:26:03","4114.50"),
  (47,53,"2021-09-20 21:12:58","2082.59"),
  (48,73,"2021-02-27 12:45:12","4926.07"),
  (49,38,"2021-07-21 12:36:15","7232.18"),
  (50,65,"2021-01-22 05:59:36","1346.07"),
  (51,76,"2021-09-10 03:37:36","1486.95"),
  (52,32,"2021-01-25 10:03:25","3333.21"),
  (53,95,"2021-12-14 19:59:02","1154.42"),
  (54,10,"2021-08-16 08:15:42","6894.19"),
  (55,56,"2021-07-26 12:24:07","5844.81"),
  (56,69,"2021-02-20 02:24:12","4706.94"),
  (57,67,"2021-12-20 06:19:15","8728.13"),
  (58,46,"2021-11-22 12:40:44","5491.67"),
  (59,27,"2021-02-15 09:24:13","1096.01"),
  (60,93,"2021-08-30 19:54:01","7918.37"),
  (61,64,"2021-08-22 23:03:39","4521.66"),
  (62,26,"2021-12-08 11:53:40","1153.71"),
  (63,94,"2021-12-16 21:25:09","6144.09"),
  (64,23,"2021-11-07 21:55:11","3373.60"),
  (65,95,"2021-04-19 02:04:59","602.83"),
  (66,28,"2021-02-08 20:09:21","7439.76"),
  (67,69,"2021-04-23 12:40:47","6079.96"),
  (68,32,"2021-03-15 11:47:03","3871.61"),
  (69,24,"2021-03-03 06:29:29","1951.92"),
  (70,23,"2021-09-13 15:05:27","6201.45"),
  (71,88,"2021-12-16 09:22:50","5273.41"),
  (72,45,"2021-03-20 02:17:17","5520.15"),
  (73,20,"2021-08-28 12:05:02","7360.15"),
  (74,20,"2021-08-22 08:37:07","2040.29"),
  (75,80,"2021-11-17 18:08:11","6669.49"),
  (76,22,"2021-07-30 21:21:42","7521.12"),
  (77,85,"2021-04-10 23:48:18","4225.14"),
  (78,96,"2021-01-31 16:15:03","6696.21"),
  (79,46,"2021-11-24 05:56:20","3440.91"),
  (80,11,"2021-01-14 21:47:58","8174.76"),
  (81,43,"2021-08-30 16:26:53","7508.40"),
  (82,62,"2021-07-05 00:17:23","3581.67"),
  (83,90,"2021-06-19 22:07:26","2984.97"),
  (84,68,"2021-06-16 21:27:25","4586.89"),
  (85,24,"2021-10-20 18:31:21","5339.13"),
  (86,52,"2021-08-20 05:01:46","3944.59"),
  (87,32,"2021-01-22 01:14:33","7366.91"),
  (88,25,"2021-11-29 23:31:10","4331.74"),
  (89,49,"2021-10-25 10:36:43","1679.61"),
  (90,83,"2021-08-02 07:02:35","3846.88"),
  (91,74,"2021-10-04 23:22:38","8171.37"),
  (92,85,"2021-11-18 19:36:04","6298.80"),
  (93,49,"2021-07-09 02:16:49","5958.03"),
  (94,96,"2021-06-25 04:47:25","4960.27"),
  (95,84,"2021-11-11 23:31:10","7345.14"),
  (96,52,"2021-09-04 21:54:53","5963.84"),
  (97,22,"2021-06-08 11:20:30","2018.24"),
  (98,62,"2021-12-01 15:24:30","5337.98"),
  (99,61,"2021-11-10 17:20:30","4388.10"),
  (100,85,"2021-02-20 21:57:04","6470.70");

INSERT INTO productos
VALUES  ("AGC","ABRAZADERA PERFECTO B1 08-10 mm.",31.82),
("A00C","ABRAZADERA PERFECTO B2 10-12 mm.",31.82),
("A402C","ABRAZADERA PERFECTO B3 12-14 mm.",32.62),
("A403C","ABRAZADERA PERFECTO B4 14-16 mm.",32.62),
("A404C","ABRAZADERA PERFECTO B5 15-18 mm.",32.62),
("A408C","ABRAZADERA PERFECTO 08-12 / 7 mm.",46.14),
("A409C","ABRAZADERA PERFECTO 08-16 / 9 mm.",49.32),
("A0C","ABRAZADERA PERFECTO 110-130 / 12 mm.",118.53),
("A1C","ABRAZADERA PERFECTO 12-22 / 12 mm.",59.66),
("A2C","ABRAZADERA PERFECTO 120-140 / 12 mm.",124.10),
("A3C","ABRAZADERA PERFECTO 16-27 / 12 mm.",62.84),
("A4C","ABRAZADERA PERFECTO 23-35 / 12 mm.",66.82),
("A5C","ABRAZADERA PERFECTO 32-50 / 12 mm.",70.80),
("A6C","ABRAZADERA PERFECTO 40-60 / 12 mm.",77.96),
("A7C","ABRAZADERA PERFECTO 50-70 / 12 mm.",78.76),
("A8C","ABRAZADERA PERFECTO 60-80 / 12 mm.",84.32),
("A9C","ABRAZADERA PERFECTO 70-90 / 12 mm.",93.07),
("A10C","ABRAZADERA PERFECTO 80-100 / 12 mm.",102.62),
("A11C","ABRAZADERA PERFECTO 90-110 / 12 mm.",112.51),
("A12CA","ABRAZADERA 1/2 OMEGA CAÑO LUZ 3/4",9.06),
("A13C","ABRAZADERA 1/2 OMEGA CAÑO LUZ 5/8",8.36),
("AAC","ABRAZADERA 1/2 OMEGA CAÑO LUZ 7/8",14.98),
("ABC","ABRAZADERA OMEGA CAÑO LUZ 1",14.05),
("A812C","ABRAZADERA OMEGA CAÑO LUZ 3/4",6.85),
("A1016C","ABRAZADERA OMEGA CAÑO LUZ 5/8",6.06),
("A1220C","ABRAZADERA OMEGA CAÑO LUZ 7/8",12.53),
("A1625C","ABRAZADERA T/U 1/4 P/C 1 ",41.47),
("A2032C","ABRAZADERA T/U 1/4 P/C 1 1/2",45.93),
("A2540C","ABRAZADERA T/U 1/4 P/C 1 1/4",45.61),
("A3250C","ABRAZADERA T/U 1/4 P/C 1/2",39.82),
("A4060C","ABRAZADERA T/U 1/4 P/C 2 1/2",59.56),
("A5070C","ABRAZADERA T/U 1/4 P/C 2",55.49),
("A6080C","ABRAZADERA T/U 1/4 P/C 3",66.84),
("A7090C","ABRAZADERA T/U 1/4 P/C 3/4",39.85),
("A80100C","ABRAZADERA T/U 1/4 P/C 4",77.09),
("AS1T","ABRAZADERA T/U 1/4 P/C 6",109.84),
("AMT","ACCESORIO GANCHO BASTON",7.88),
("ACR3412D","ACOPLE COMP. RAP. 1/2 PROF DUKE X CAJA 30 UN",4849.66),
("ACV12D","ACOPLE COMP. RAP. 3/4 PROF DUKE X CAJA 30 UN",5995.06),
("ACV34D","ACOPLE COMP. RAPIDO 1 1/2 DUKE X CAJA 10 UN",8579.00),
("ACR134D","ACOPLE COMP. RAPIDO 1 1/4  DUKE X CAJA 10 UN",6908.50),
("ACTR3412","ACOPLE COMP. RAPIDO 1 DUKE X CAJA 20 UN ",5523.21),
("ACC12D","ACOPLE COMP. RAPIDO 1/2  DUKE X CAJA 30 UN ",4236.17),
("ACC34D","ACOPLE COMP. RAPIDO 2  DUKE X CAJA 10 UN ",10598.61),
("ACT12D","ACOPLE COMP. RAPIDO 3/4  DUKE X CAJA 30 UN ",5276.16),
("ACT34D","ACOPLE COMPRESION RAPIDO 1 1/2 DUKE",900.80),
("AC114D","ACOPLE COMPRESION RAPIDO 1 1/4 DUKE",725.39),
("AC12D","ACOPLE COMPRESION RAPIDO 1 DUKE",289.97),
("AC34D","ACOPLE COMPRESION RAPIDO 1/2  DUKE",148.27),
("AC1D","ACOPLE COMPRESION RAPIDO 2 DUKE",1112.86),
("AC2D","ACOPLE COMPRESION RAPIDO 3/4 DUKE",184.67),
("AS","ACOPLE COMPRESION RAPIDO PROF. 1/2 DUKE",169.74),
("ASA","ACOPLE COMPRESION RAPIDO PROF. 3/4 DUKE",209.83),
("AP50D","ACOPLE RAPIDO PROF. 1/2 MEDIO GIRO ",130.14),
("AP100D","ACOPLE RAPIDO PROF. 3/4. MEDIO GIRO",158.89),
("AP250D","ADAPTADOR 10kg P/GARRAFA 3kg (x5un)",997.07),
("AP500D","ADHESIVO 1000cc DUKE",1422.75),
("AP60T","ADHESIVO 1000cc DUKE X CAJA 10",13549.99),
("AP110T","ADHESIVO 100cc DUKE",226.77),
("AP250T","ADHESIVO 100cc DUKE X CAJA 50",10798.48),
("ANA14E","ADHESIVO 250cc DUKE",448.35),
("ANA17E","ADHESIVO 250cc DUKE X CAJA 30",12810.00),
("AGA10A","ADHESIVO 500cc DUKE",748.22),
("AGA12A","ADHESIVO 500cc DUKE X CAJA 20",14251.74),
("AGA14A","ADHESIVO 50cc DUKE",160.71),
("AGA16A","ADHESIVO 50cc DUKE X CAJA 100 UN",15305.98),
("ARRR","ADHESIVO DE CONTACTO CONGO 1000ml",756.95),
("AEA","ADHESIVO DE CONTACTO CONGO 125ml",173.62),
("AEPA","ADHESIVO DE CONTACTO CONGO 250ml",250.48),
("AG10","ADHESIVO DE CONTACTO CONGO 40ml",117.95),
("AG12","ADHESIVO DE CONTACTO CONGO 450ml",417.83),
("AG14","ADHESIVO VINILICO CONGO 1000 grs",361.60),
("AG16","ADHESIVO VINILICO CONGO 110 grs",76.57),
("ANA16E","ADHESIVO VINILICO CONGO 220 grs",113.96),
("AN9E","ADHESIVO VINILICO CONGO 500 grs",205.11),
("AN14","ALAMBRE NEGRO 1.63 MM X 10ROLL X 1KG",4730.45),
("AN16","ALARGUE-MANGO PALA HOYERA FG",1586.30),
("AN12E","ANAFE 1 HORNALLA P/GAS ENVASADO",2430.04),
("AN17E","ANAFE 1 HORNALLA P/GAS NATURAL",2430.04),
("AS090S","ANAFE 2 HORNALLAS P/GAS ENVASADO",3218.03),
("AS120S","ANAFE 2 HORNALLAS P/GAS NATURAL",3218.03),
("AS080S","ANAFE COMBINADO 2 HORN: 1 GAS ENV-1ELECTRICO",4012.93),
("AIAK","ANAFE ELECTRICO 1 HORN. 220V-1200 WATTS",3115.32),
("AA75K","ANAFE ELECTRICO 2 HORN. 220V-2000 WATTS",4275.86),
("AG230K","APLICADOR DE SILICONA NEIKE",588.64),
("ACO5C","APLICADOR DE SILICONA ECONOMICO ",326.25),
("ACO6C","APLICADOR DE SILICONA REFORZADO ALIGAS",795.51),
("ACO8C","ARANDELA DE HIERRO GALV. 1/4 X 19 ACCESORIO",1.56),
("AMC6C","ARCO DE SIERRA CABO MADERA C/HOJA CHAYTO",574.81),
("AMC8C","ARCO DE SIERRA EMPUÑADURA PVC C/HOJA CHAYTO",659.50),
("APC6C","ARCO DE SIERRA EMPUÑADURA PVC C/HOJA TOTH ",1076.12),
("APC8C","ARGOLLA MADERA P/BARRAL DE CORTINA 22mm",33.35),
("AU6C","ARO BASE PVC DEPOSITO MOCHILA",29.52),
("AU7C","AROS P/CAÑO H.FUND. 2 1/2 CUELLO",277.20),
("AU8C","AROS P/CAÑO H.FUND. 2 1/2 CUERPO",245.21),
("ATAAK","AROS P/CAÑO H.FUND. 4 CUELLO",318.47),
("ATANK","AROS P/CAÑO H.FUND. 4 CUERPO",289.92),
("A440ATNK","AROS P/CAÑO H.FUND. 6 CUERPO",346.16),
("A440AAK","ASIENTO INODORO CAMILO FLORENCIA ALMENDRA",943.64),
("A1EV","ASIENTO INODORO CAMILO FLORENCIA AMARILLO",943.64),
("A1NV","ASIENTO INODORO CAMILO FLORENCIA ARENA",943.64),
("A2EV","ASIENTO INODORO CAMILO FLORENCIA AZUL F.AEREA",943.64),
("A2NV","ASIENTO INODORO CAMILO FLORENCIA BLANCO",943.64),
("A250D","ASIENTO INODORO CAMILO FLORENCIA DORADO",943.64),
("A300D","ASIENTO INODORO CAMILO FLORENCIA ROSA VIEJO",943.64),
("APV","ASIENTO INODORO CAMILO FLORENCIA VERDE AGUA",943.64),
("AA440K","ASIENTO INODORO CONCORPLAST 4mm BLANCO",1150.49),
("AAK","ASIENTO INODORO CONCORPLAST 8mm BLANCO",2132.99),
("A12P","ASIENTO INODORO DERPLA PRINGLES NEGRO",600.00),
("A14P","ASIENTO INODORO INYECTADO 4mm BLANCO",725.00),
("A1P","BABETA Z 18 CM.",535.61),
("A200P","BAJADA ARTICULADA DUKE",92.80),
("A20P","BAJADA ARTICULADA 40-50 BONOMINI ",100.51),
("A4P","BAJADA ARTICULADA BIDET BONOMINI (CORTA)",84.93),
("A78RG","BAJADA ARTICULADA METALIZADA LATYN",464.31),
("A916RG","BAJADA MOCHILA 2 EGOPLAST",176.48),
("AG1H","BAJADA MOCHILA 2 EGOPLAST ARTICULADA",250.79),
("AG34H","BAJADA MOCHILA ARTICULADA 2 DEALER",242.31),
("AG58H","BAJADA PVC ARTICULADA RETRACTIL",111.95),
("ASCPC","BAJO TEJA ZINC DE 0,20 MTS.",617.58),
("ASCPT","BALDE DE CHAPA Nº 20",784.03),
("ASF","BALDE PVC ALBAÑIL ECO",150.80),
("ASJC","BALDE PVC ALBAÑIL GRUESO",163.42),
("AIBV","BALDE PVC COLOR VOSS 2000",632.26),
("AACC0G","BANCO P/GASISTA CHICO Nº2 FG",3794.46),
("AACC1G","BANDA PEINE ZINC DE 0,33 MTS.",960.32),
("AACC2G","BANDEJA PINTOR PVC GRANDE CUBETA",108.75),
("ACCC0G","BANDEJA PINTOR PVC GRANDE PLANA",88.45),
("ACCC1G","BANDEJA PINTOR PVC MINI",41.11),
("ACCC2G","BARRAL CURVO 0,75 X 1,75 MTS.  PULIDO",635.45),
("AMCC2G","BARRAL CURVO 1,00 X 1,00 MTS. PULIDO",540.52),
("AMCC212G","BARRAL EX. P/BAÑO  BCO. DE LUJO DE 1 A 2 MT.",645.98),
("AMCC3G","BARRAL EX. P/BAÑO BCO. DE 1 A 2 MT.",462.41),
("AMCC312G","BARRAL EX. P/BAÑO DE ALUMINIO DE 1 A 2 MT.",376.20),
("AA0G","BARRAL P/CORTINA MADERA C/ACC 22mm x1.6mt",517.65),
("AA1G","BARRAL P/CORTINA MADERA C/ACC 22mm x1.8mt",543.75),
("AA2G","BARRAL P/CORTINA MADERA C/ACC 22mm x2.0mt",565.50),
("AC0G","BARRAL P/CORTINA MADERA C/ACC 22mm x2.2mt",584.35),
("AC1G","BARRE HOJAS METAL TOTH",503.46),
("AC1F","BARRE HOJAS PVC MEDIO GIRO",103.42),
("AC2F","BARRETAS DE 40 CM. X 3/4 VIRGA",571.91),
("AC2G","BARRETAS DE 50 CM. X 3/4 VIRGA",658.81),
("AC3F","BARRETAS DE 60 CM. X 3/4 VIRGA",773.75),
("AM2G","BARRETAS DE 80 CM. X 3/4 VIRGA",953.17),
("AM212G","BARRETIN VIRGA",507.43),
("AM3G","BASE DE TANQUE CHICA (0,90MT / 500LT) ",1922.93),
("AM312G","BASE DE TANQUE CHICA C/CHAPA (0,90MT / 500LT)",2526.48),
("BEE","BASE DE TANQUE EXTRA GRANDE (1,12MT / 1100LT)",2470.34),
("6600100D","BASE DE TANQUE GRANDE (1MT / 1000 LT) ",2175.58),
("660040D","BASE DE TANQUE GRANDE C/CHAPA (1MT / 1000 LT)",2877.38),
("B7545740","BASE INODORO GOMA",61.34),
("B7545760","BASE INODORO GOMA ARO DESPLAZADO",74.39),
("B7545780","BASE INODORO PVC MUNI-PLAST",54.79),
("B7553340","BASE INODORO PVC ARO DESPLAZADO MUNI-PLAST",99.26),
("B7553360","BASE INODORO SILICONA CRISTAL BONOMINI",48.21),
("B7553380","BOQUETA ZINC 1/2 CAÑA 13 CM.",547.79),
("B7561040","BOQUETA ZINC 1/2 CAÑA 15 CM.",587.01),
("B7561060","BOQUETA ZINC 1/2 CAÑA 18 CM.",699.27),
("B7561080","BOQUETA ZINC 7 x 15 x 10",685.75),
("BPGC","BOQUETA ZINC MOLDURA 15 CM.",707.39),
("BCM","BOQUETA ZINC MOLDURA AMERICANA",624.88),
("BQM","BOTON DEPOSITO BRONCE CORTO FLUMAX",696.00),
("BATK","BOTON DEPOSITO BRONCE CORTO FRANKLIN",696.00),
("BT440K","BOTON DEPOSITO BRONCE LARGO FLUMAX",765.60),
("BAMK","BOTON DEPOSITO BRONCE LARGO FRANKLIN",765.60),
("BM20P","BOTON PULSADOR LATERAL CROMADO DEALER",266.11),
("BM200P","BOTON PULSADOR SUPERIOR CROMADO DEALER",266.11),
("BM1P","BOYA DE TELGOPOR ALTA PRESION 1 1/2",1120.71),
("BM12P","BOYA DE TELGOPOR ALTA PRESION 1 1/4",756.68),
("BM4P","BOYA DE TELGOPOR ALTA PRESION 1",206.71),
("BS20P","BOYA DE TELGOPOR ALTA PRESION 1/2",165.08),
("BS200P","BOYA DE TELGOPOR ALTA PRESION 2",1263.45),
("BS1P","BOYA DE TELGOPOR ALTA PRESION 3/4",195.88),
("BS12P","BOYA DE TELGOPOR DOBLE INSERTO",58.83),
("BS14P","BOYA DE TELGOPOR TANQUE 1 COMUN",80.08),
("BS4P","BOYA DE TELGOPOR TANQUE 1/2 COMUN",61.05),
("BELBA","BOYA DE TELGOPOR TANQUE 3/4 COMUN",65.33),
("BCCLA","BOYA HONGO PARA PILETA",143.69),
("BCSLA","BOYA OBTURADOR CONO TIPO COPITA EGEO",127.09),
("BCCA","BOYA OBTURADOR UNIVERSAL EGEO",184.21),
("BCLA","BOYA OBTURADOR UNIVERSAL C/CARGA",114.04),
("BD3A","BOYA PVC DOBLE INSERTO CHATA",85.65),
("BD10A","BOYA PVC DOBLE INSERTO EXTRACHATA",85.65),
("BEBA","BOYA SATELITE PARA PILETA GRANDE",346.72),
("BEBEA","BOYA SATELITE PARA PILETA MINI",180.62),
("BEA","BRAZO ARTICULADO P/BOYA",40.23),
("BFCLA","BRAZO DE LLUVIA A 45º CROMADO",101.55),
("BFSLA","BULON TAPA CAMARA",22.03),
("B160A","CABALLETE ZINC 0,33 MTS.",826.85),
("B180A","CABALLETE ZINC 0,33 MTS. S/PESTAÑA S/LOMO 90º",826.85),
("B200A","CABALLETE ZINC 0,50 MTS.",1240.27),
("B220A","CABO DE AZADA 1,35 MTS.",513.10),
("B240A","CABO DE ESCOBILLON DE 1,20 MTS. C/ROSCA",100.49),
("BUA","CABO DE GUADAÑA",748.17),
("BMN","CABO DE HACHA 90 CM.",353.81),
("BMCCN","CABO DE HACHITA 35 CM.",165.81),
("BHT","CABO DE LABRADO 30 CM. GRUESO",91.12),
("BHGC","CABO DE MARTILLO CARPINTERO 30 CM.",45.45),
("BHCC","CABO DE MARTILLO GALPONERO",116.09),
("B120","CABO DE MAZA 25 CM.",53.78),
("B40M","CABO DE MAZA 30 CM.",59.75),
("B50M","CABO DE MAZA 35 CM. (1.5 A 2 KG)",71.70),
("B60M","CABO DE MAZA 40 CM (2.5 KG)",78.96),
("B70M","CABO DE MAZA 90 CM. (5 A 7 KG)",267.18),
("B80M","CABO DE PALA 60 CM. EMPUÑADURA METAL",291.91),
("B100M","CABO DE PALA 60 CM. EMPUÑADURA PVC",262.87),
("B120M","CABO DE PALA 70 CM. EMPUÑADURA METAL",307.07),
("BI252000","CABO DE PALA 70 CM. EMPUÑADURA PVC",271.85),
("BI321600","CABO DE PICO 90 CM.",414.21),
("B40","CABO DE RASTRILLO 1.35 MTS.",360.80),
("B50","CAJA DE LUZ P/EMBUTIR CUADRADA 10x10",131.13),
("B60","CAJA DE LUZ P/EMBUTIR MIGNON",53.48),
("B70","CAJA DE LUZ P/EMBUTIR OCTOG.CHICA",53.48),
("B80","CAJA DE LUZ P/EMBUTIR OCTOG.GRANDE",116.72),
("BMC33103","CAJA DE LUZ P/EMBUTIR RECTANGULAR",53.48),
("BMC73113","CAJA DE O.S.N.",824.58),
("BSD60F","CAJA ENROLLADOR MADERA 4 MTS.",166.68),
("BSI60F","CAJA ENROLLADOR MADERA 6 MTS.",181.89),
("BSR60F","CAJA ENROLLADOR MADERA 8 MTS.",205.29),
("BSD80F","CAJA PARA JABALINA",681.27),
("BSI80F","CALEFON PVC INYECTADO C/RES ALUM.",768.50),
("BSR80F","CALEFON PVC INYECTADO C/RES BRONCE",1087.50),
("BSD6078F","CALENTADOR ELECTRICO 220V - 850 WATTS",2076.55),
("BSI6078F","CALENTADOR P/ GAS ENVASADO ENLOZADO 10 KG",1036.96),
("BSR6078F","CALENTADOR P/ GAS ENVASADO ENLOZADO 3KG",869.51),
("BSD8078F","CAMISA FAROL GRANDE 500 BUJ.",53.32),
("BSI8078F","CAMPANA P/FLEXIBLE 1/2 ABS CROMADO",56.84),
("BSR8078F","CANALETA ZINC 1/2 CAÑA 13 CM.",714.15),
("BD100333","CANALETA ZINC 1/2 CAÑA 15 CM.",852.37),
("BI100333","CANALETA ZINC 1/2 CAÑA 18 CM.",949.50),
("BC100100","CANALETA ZINC 7 x 15 x 10 CM.",1025.24),
("BC10075F","CANALETA ZINC 7 x 15 x 7 CM.",987.37),
("BC10088F","CANALETA ZINC MOLDURA 15 CM.",987.37),
("BH100100","CANALETA ZINC MOLDURA AMERICANA",871.05),
("BH7536F","CAÑAMO PEINADO FINO SUELTO X 12,5 Kgs",19992.38),
("BH7575F","CAÑAMO PEINADO FINO X 20 Grs",43.91),
("BH10036F","CAÑAMO PEINADO FINO X 50 Grs",100.36),
("BH10075F","CANDADO MACAO 20 mm BRONCE MACAO",194.19),
("BH10088F","CANDADO MACAO 25 mm. MACAO",146.37),
("BCD11055","CANDADO MACAO 32 mm BRONCE MACAO",304.33),
("BCI11055","CANDADO MACAO 32 mm. MACAO",182.60),
("BCD14070","CANDADO MACAO 38 mm BRONCE MACAO",359.98),
("BCI14070","CANDADO MACAO 38 mm. MACAO",209.84),
("BCD16080","CANDADO MACAO 50 mm BRONCE MACAO",473.89),
("BCI16080","CANDADO MACAO 50 mm. MACAO",382.59),
("BMD11055","CANDADO MACAO 63 mm. MACAO",594.17),
("BMI11055","CANDADO MACAO LARGO 32 mm. MACAO",201.09),
("BMD14070","CANDADO MACAO LARGO 38 mm. MACAO",237.96),
("BMI14070","CANDADO MACAO LARGO 50 mm. MACAO",426.07),
("BMD16080","CANILLA 1 AGUA COCINA P/MESADA COZUMEL",2490.06),
("BMI16080","CANILLA 1 AGUA COCINA P/PARED P. ALTO COZUMEL",1688.22),
("BTCF","CANILLA 1 AGUA COCINA P/PARED P. BAJO COZUMEL",1688.22),
("BTMF","CANILLA 1 AGUA P/LAVATORIO COZUMEL",2377.95),
("BD802015","CANILLA BRONCE P/MANGA 1/2",849.70),
("BI802015","CANILLA BRONCE P/MANGA 3/4",1557.30),
("BR802015","CANILLA LAVARROPA DOBLE C/PICO LATYN",959.60),
("BR100333","CANILLA LAVARROPA PVC 3/4 DUKE",187.94),
("BI6022F","CANILLA LAVARROPA PVC 3/4 DUKE X CAJA 60 UN",10739.64),
("BD60333F","CANILLA LAVARROPA PVC DOBLE MEDIO GIRO",276.55),
("BI60333F","CANILLA LAVATORIO PICO CURVO",1464.50),
("BR60333F","CANILLA LAVATORIO PICO RECTO",1653.00),
("BI8022F","CANILLA METAL 1/2 LATYN --OFERTA--",278.10),
("BD80333F","CANILLA METAL 3/4 LATYN --OFERTA--",479.62),
("BI80333F","CANILLA METAL ECONOMICA 1/2 LATYN",343.02),
("BR80333F","CANILLA METAL ECONOMICA 3/4 LATYN",513.92),
("BI9022F","CANILLA METAL P/MANGA REF. 1",1410.20),
("BD6022F","CANILLA METAL P/MANGA REF. 1/2",619.41),
("BR6022F","CANILLA METAL P/MANGA REF. 3/4",919.66),
("BD8022F","CANILLA NIQUEL P/MANGA 1/2",1102.00),
("BR8022F","CANILLA PVC C/CUERITO 1/2” MEDIO GIRO",121.18),
("BD9022F","CANILLA PVC C/CUERITO 3/4 MEDIO GIRO",158.59),
("BR9022F","CANILLA PVC C/MANGA 1 DUKE",650.00),
("BC7575F","CANILLA PVC C/MANGA 1 DUKE X CAJA 30 UN",18571.43),
("BR2315F","CANILLA PVC C/MANGA 1/2 DUKE",187.94),
("BR2515F","CANILLA PVC C/MANGA 1/2 DUKE X CAJA 60 UN",10739.64),
("BD2315F","CANILLA PVC C/MANGA 3/4 DUKE",245.67),
("BI2315F","CANILLA PVC C/MANGA 3/4 DUKE X CAJA 60 UN",14038.42),
("BD2515F","CANILLA PVC ESF. 1/2 MEDIO GIRO",137.05),
("BI2515F","CANILLA PVC P.MANGA 1/2 SWING LATYN",109.50),
("BCLRP42L","CANILLA PVC P.MANGA 3/4 SWING LATYN",138.11),
("BCLRL50L","CAÑO DE ALUMINIO P/GAS 3/8 (x KG)",1363.00),
("BV","CAÑO DE ALUMINIO P/GAS 5/16 (x KG)",1363.00),
("BUPS","CAÑO DE COBRE DE 3/8",2994.25),
("BMSC","CAÑO DE COBRE DE 5/16",2994.25),
("B14312P","CAÑO DE LUZ METAL LIV.1",911.02),
("B143P","CAÑO DE LUZ METAL LIV.3/4",550.65),
("B144P","CAÑO DE LUZ METAL LIV.5/8",478.26),
("B381P","CAÑO DE LUZ METAL LIV.7/8",807.74),
("B38112P","CAÑO FLEX.ALUMINIO 3",1515.25),
("B3812P","CAÑO FLEX.ALUMINIO 3  1  A 2 MT.",652.50),
("B382P","CAÑO FLEX.ALUMINIO 3 0,50 A 1 MT.",326.25),
("B38212P","CAÑO FLEX.ALUMINIO 4",1885.00),
("B383P","CAÑO FLEX.ALUMINIO 4  1  A 2 MT.",814.90),
("B38312P","CAÑO FLEX.ALUMINIO 4 0,50 A 1 MT.",407.45),
("B3834P","CAÑO FLEX.ALUMINIO 5",2588.25),
("B384P","CAÑO FLEX.ALUMINIO 5 0,50 A 1 MTS",558.25),
("B516112P","CAÑO FLEX.ALUMINIO 5 1 A 2 MTS",1116.50),
("B5161P","CAÑO FLEX.ALUMINIO 6",3190.00),
("B51612P","CAÑO FLEX.ALUMINIO 6  1 A 2 MT.",1336.90),
("B516212P","CAÑO FLEX.ALUMINIO 6 0,50 A 1 MT.",668.45),
("B5162P","CAÑO FLEXIBLE NARANJA. PVC 1",759.94),
("B516312P","CAÑO FLEXIBLE NARANJA. PVC 3/4",411.45),
("B5163P","CAÑO FLEXIBLE NARANJA. PVC 5/8",389.38),
("B51634P","CAÑO FLEXIBLE NARANJA. PVC 7/8",598.87),
("B5164P","CAÑO FLEXIBLE NO PROPAGABLE 1",1147.80),
("B12112P","CAÑO FLEXIBLE NO PROPAGABLE 3/4",698.72),
("B121P","CAÑO FLEXIBLE NO PROPAGABLE 5/8",598.87),
("B12212P","CAÑO FLEXIBLE NO PROPAGABLE 7/8",948.35),
("B122P","CAÑO P/CORTINA ALUMINIO 1/2",488.95),
("B12312P","CAÑO P/CORTINA ALUMINIO 5/8",658.25),
("B123P","CAÑO P/CORTINA BDO. HIERRO 1/2",347.77),
("B124P","CAÑO P/CORTINA BDO. HIERRO 5/8",494.92),
("B14112P","CAÑO ZINC 2 x 4 (x 1MT)",539.75),
("B141P","CAÑO ZINC 3 (X 1MT)",320.72),
("B1412P","CAÑO ZINC 4 (X 1MT)",383.65),
("B14212P","CAÑO ZINC 5 (X 1MT)",560.91),
("B142P","CAÑO ZINC 6 (X 1MT)",653.31),
("B1434P","CARRETEL PARA BORDEADORA UNIVERSAL",98.44),
("B516412P","CARTUCHO DE GAS BUTANO",268.25),
("B716112P","CASQUETE DE HIERRO GALV. DE 1/4X19 ACCESORIO",2.40),
("B7161P","CASQUETE DE PVC DE 1/4 ACCESORIO ",2.49),
("B716212P","CEPILLO 4 x 19 C/MANGO CURVO",206.63),
("B7162P","CEPILLO 6 x 19 S/MANGO",247.95),
("B716312P","CEPILLO CIRCULAR DE ALAMBRE 5 x 1",854.78),
("B7163P","CEPILLO CIRCULAR DE ALAMBRE 6 x 1",991.80),
("B7164P","CHICOTE MALLADO AGUA 1/2x20 OFERTA",121.66),
("BR516112","CHICOTE MALLADO AGUA 1/2x25 OFERTA",127.74),
("BR516114","CHICOTE MALLADO AGUA 1/2x30 OFERTA",130.79),
("BR516134","CHICOTE MALLADO AGUA 1/2x35 OFERTA",140.67),
("BR516212","CHICOTE MALLADO AGUA 1/2x40 OFERTA",148.27),
("BR516234","CHICOTE MALLADO AGUA 1/2x50 OFERTA",159.68),
("BR516312","CHICOTE MALLADO AGUA 1/2x60 OFERTA",172.61),
("BR516314","CINTA AISLADORA RAPIFIX 10mt BLANCA (X10UN)",472.54),
("BR516412","CINTA AISLADORA RAPIFIX 10mt. NEGRA(X10 UN)",472.54),
("BR14114P","CINTA AISLADORA TACSA 20mt. BLANCA (X10 UN)",954.54),
("BR14212P","CINTA AISLADORA TACSA 20mt. NEGRA (X10 UN)",954.54),
("BR14234P","CINTA AISLADORA TACSA 5mt. NEGRA (X10 UN)",351.19),
("BR14312P","CINTA AUTOADHESIVA DE PAPEL RAPIFIX 12mm.",91.07),
("BR14314P","CINTA AUTOADHESIVA DE PAPEL RAPIFIX 18mm.",136.58),
("BR38112P","CINTA AUTOADHESIVA DE PAPEL RAPIFIX 24mm.",182.09),
("BR38212P","CINTA AUTOADHESIVA DE PAPEL RAPIFIX 36mm.",273.16),
("BR38312P","CINTA AUTOADHESIVA DE PAPEL RAPIFIX 48mm.",364.18),
("BR38412P","CINTA DE CORTINA REF. BEIGE C/GUARDA x100mts",5187.92),
("BR141P","CINTA DE CORTINA REF. BLANCA 24mm x 100mts",4048.15),
("BR142P","CINTA DE PINTOR PAPEL AZUL RAPIFIX 18mm.",169.49),
("BR143P","CINTA DE PINTOR PAPEL AZUL RAPIFIX 24mm.",225.97),
("BR144P","CINTA DE PINTOR PAPEL AZUL RAPIFIX 48mm.",451.94),
("BR381P","CINTA DESTAPA CAÑERIAS 10 mts.TOTH",2496.20),
("BR382P","CINTA DESTAPA CAÑERIAS 15 mts.TOTH",3321.18),
("BR383P","CINTA DESTAPA CAÑERIAS 5 mts.TOTH",1587.04),
("BR385P","CINTA DESTAPA PILETA  10 mts.TOTH",892.03),
("BR386P","CINTA DESTAPA PILETA 5 mts.TOTH",663.43),
("BR387P","CINTA EMBALAR 48mm RAPIFIX MARRON",126.25),
("BR388P","CINTA EMBALAR 48mm RAPIFIX TRANSPARENTE",121.61),
("BR5162P","CINTA METRICA 10 MTS. X 3 FRENOS",813.45),
("BR5163P","CINTA METRICA 3 MTS. X 3 FRENOS",287.10),
("BR5164P","CINTA METRICA 5 MTS. X 3 FRENOS",334.95),
("BR5165P","CINTA METRICA 7.5 MTS. X 3 FRENOS",622.05),
("BR5166P","CINTA PELIGRO DOBLE FAZ 8 CM. X 100 MTS.",234.24),
("BR5167P","CLARABOYA ENLOZADA 30x30",1058.88),
("BC","CLARABOYA ENLOZADA 40x40",1254.29),
("CAECA24S","CLARABOYA ENLOZADA 60x60",1726.93),
("CAECA25S","CLARABOYA GALVANIZADA 30x30",1680.00),
("CAECA26S","CLARABOYA GALVANIZADA 40x60",2520.00),
("CAESA24S","CLARABOYA GALVANIZADA 50x50",2660.00),
("CAESA25S","CLARABOYA GALVANIZADA 60x60",3080.00),
("CAESA26S","CLARABOYA GALVANIZADA 70x70",3920.00),
("CAICA24S","CLARABOYA PINTADA 40x60",1694.00),
("CAICA25S","CLARABOYA PINTADA 50x50",919.33),
("CAICA26S","CLARABOYA PINTADA 60x60",1123.80),
("CAISA24S","CLARABOYA PINTADA 70x70",1360.32),
("CAISA25S","CLAVOS CAB. DE PLOMO DENTADO 2 1/2x8 (x100)",439.66),
("CAISA26S","CLAVOS CAB. DE PLOMO DENTADO 3x8 (x100 UN)",457.34),
("CFAI24SC","CLAVOS CAB. DE PLOMO DENTADO 4x8 (x100 UN)",646.85),
("CFAI25SC","CLAVOS PARA GASISTA GALVANIZADO",1291.42),
("CFAI26SC","CLAVOS PUNTA PARIS 1 1/2 (38,1mm)",514.82),
("CSCMSJ","CLAVOS PUNTA PARIS 2 1/2 (63,5mm)",461.03),
("CSCGSJ","CLAVOS PUNTA PARIS 2 (50,8mm)",476.40),
("CSCCSJ","CLAVOS PUNTA PARIS 3 (76,2mm)",461.03),
("CFVCGR","CODO SIFON DE GOMA",57.42),
("CFVLGR","CODO ZINC 2x4 DESAGUE COSTADO",493.68),
("CFVCFR","CODO ZINC 2x4 DESAGUE FRENTE (PLANO)",493.68),
("CFVLFR","CODO ZINC DE AGUA 3",469.34),
("CRA","CODO ZINC DE AGUA 4",493.68),
("CCP","CONECTOR METAL 1",80.52),
("CPMR","CONECTOR METAL 3/4",30.81),
("CAFA","CONECTOR METAL 5/8",28.82),
("CA120M","CONECTOR METAL 7/8",61.96),
("CA135M","CONEXION FLEX.T/CHIC. 1/2 x 15 R.P.C",412.09),
("CA150M","CONEXION FLEX.T/CHIC. 1/2 x 20 R.P.C",437.32),
("CGM","CONEXION FLEX.T/CHIC. 1/2 x 25 R.P.C",466.76),
("CH90M","CONEXION FLEX.T/CHIC. 1/2 x 30 R.P.C",496.19),
("CHVG","CONEXION FLEX.T/CHIC. 1/2 x 35 R.P.C",529.83),
("CHM","CONEXION FLEX.T/CHIC. 1/2 x 40 R.P.C",580.29),
("CMA25","CONEXION FLEX.T/CHIC. 1/2 x 50 R.P.C",702.24),
("CMA30","CONEXION FLEX.T/CHIC. 3/4 x 20 R.P.C",592.91),
("CMA35","CONEXION FLEX.T/CHIC. 3/4 x 25 R.P.C",637.06),
("CMA40","CONEXION FLEX.T/CHIC. 3/4 x 30 R.P.C",685.42),
("CMC25","CONEXION FLEX.T/CHIC. 3/4 x 35 R.P.C",756.90),
("CMC30","CONEXION FLEX.T/CHIC. 3/4 x 40 R.P.C",830.49),
("CMC35","CONEXION FLEX.T/CHIC. 3/4 x 50 R.P.C",925.10),
("CMG35","CONEXION INODORO GOMA CORTO",61.34),
("CM90G","CONEXION INODORO GOMA LARGO",83.52),
("CP60M","CONEXION INODORO MOCHILA GOMA",79.61),
("CP70M","CONEXION INODORO MOCHILA PVC REGULABLE",110.90),
("CPP60M","CONEXION INODORO PVC CORTO",85.73),
("CPP70M","CONEXION INODORO PVC LARGO",102.27),
("CP90M","CONEXION SUPER GAS C/MANGUERA ALTA PR.",83.90),
("CRM","CONVERSA ZINC 0,33 MTS.",826.85),
("CN15","CORTADORA DE CERAMICAS GRINGA DE 42 CM",4032.91),
("CN17","CORTAHIERRO GHERARDI DE 25 cm.",798.85),
("CN18","CORTAHIERRO GHERARDI DE 30 cm.",833.10),
("CBPLC","CORTAHIERRO GHERARDI DE 35 cm.",931.94),
("CBPC","CORTAHIERRO GHERARDI DE 40 cm.",981.28),
("CP25O","CORTAHIERRO VIRGA DE 20 CM.",218.68),
("CP30O","CORTAHIERRO VIRGA DE 25 CM.",252.32),
("CP35O","CORTAHIERRO VIRGA DE 30 CM.",280.34),
("CP40O","CORTAHIERRO VIRGA DE 35 CM.",308.39),
("CP45O","CORTAHIERRO VIRGA DE 40 CM.",342.03),
("CP50O","CUCHARA CHAYTO Nº 5 1/2",313.61),
("CP55O","CUCHARA CHAYTO Nº 6",412.47),
("CP60O","CUCHARA CHAYTO Nº 7",437.73),
("CP65O","CUCHARA CHAYTO Nº 7M",454.06),
("CP70O","CUCHARA CHAYTO Nº 8",485.99),
("CP80O","CUCHARA CHAYTO Nº 8M",527.35),
("CP90O","CUCHARA FERCAS 1 PZA.Nº5 1/2",197.54),
("CP100O","CUCHARA GHERARDI Nº 5 1/2",1651.33),
("CP110O","CUCHARA GHERARDI Nº 6",1737.40),
("CP120O","CUCHARA GHERARDI Nº 7",1919.46),
("CP130O","CUCHARA GHERARDI Nº 7M",1919.46),
("CP140O","CUCHARA GHERARDI Nº 8",1952.02),
("CP160O","CUCHARA GHERARDI Nº 8 M",2005.87),
("CZ25O","CURVA DE LUZ DE METAL 1",11.50),
("CZ30O","CURVA ZINC 45º x 3 HERMETICA",183.55),
("CZ35O","CURVA ZINC 45º x 4 HERMETICA",226.52),
("CZ40O","CURVA ZINC 45º x 5 HERMETICA",436.66),
("CZ45O","CURVA ZINC 45º x 6 HERMETICA",559.31),
("CZ50O","CURVA ZINC 90º x 3 HERMETICA",219.96),
("CZ55O","CURVA ZINC 90º x 4 HERMETICA",258.74),
("CZ60O","CURVA ZINC 90º x 5 HERMETICA",486.21),
("CZ65O","CURVA ZINC 90º x 6 HERMETICA",634.92),
("CZ70O","CURVA ZINC ARTICULADA 3",178.31),
("CZ80O","CURVA ZINC ARTICULADA 4",217.91),
("CZ90O","CURVA ZINC ARTICULADA 5",373.59),
("CZ100O","CURVA ZINC ARTICULADA 6",486.24),
("CZ110O","DEPOSITO A CADENA 11 LTS. EGOPLAST",1162.61),
("CZ120O","DEPOSITO DE MOCHILA DE 14 LTS. EGOPLAST",2050.90),
("CZ130O","DEPOSITO MOCHILA ECO FLUSH DEALER",1716.05),
("CZ140O","DEPOSITO PARA COLGAR DEALER",1216.84),
("CZ160O","DESCARGA P/DEPOSITO MOCHILA C/BOQUILLA EGEO",575.52),
("CFA24SC","DESCARGA P/DEPOSITO PARED EGEO",575.52),
("CFA25SC","DISCO DE SIERRA 30 D WIDIA x 7” ROTTWEILER",613.34),
("CFA26SC","DISCO DE SIERRA 30 D WIDIA x4 1/2” ROTTWEILER",353.16),
("CICA","DISCO DIAMANTADO 115 MM. CONTINUO (4 1/2)",308.89),
("CIGA","DISCO DIAMANTADO 115 MM. LASER (4 1/2)",333.93),
("CE4S","DISCO DIAMANTADO 115 MM.TURBO (4 1/2)",366.40),
("CE6S","DISCO DIAMANTADO 180 MM. CONTINUO (7)",771.07),
("CSA507P","DISCO DIAMANTADO 180 MM. LASER (7)",812.40),
("CSE501P","DISCO DIAMANTADO 180 MM. TURBO (7)",877.20),
("CSE502P","DISCO FLAP GRANO 100",118.90),
("CSE503P","DISCO FLAP GRANO 120",118.90),
("CSE504P","DISCO FLAP GRANO 40",118.90),
("CSA505P","DISCO FLAP GRANO 60",97.15),
("CSA506P","DISCO FLAP GRANO 80",97.15),
("CABA","DISCO TYROLIT BASIC 114 X 1.0 (X 25 UN)",2527.09),
("CAAV","DISCO TYROLIT BASIC 114 X 1.6 (X 25 UN)",2209.91),
("CER","DISCO TYROLIT BASIC 178 X 1.6 ",137.81),
("CEBA","DISCO TYROLIT SECUR OX 114 X 1.0 (X 25 UN)",4389.15),
("CP25RBV","DISCO TYROLIT SECUR OX 114 X 1.6 (X 25 UN)",3837.37),
("CP25RAV","DISCO TYROLIT SECUR OX 114 X 4.8 (X 10 UN)",1945.46),
("CG22V","DISCO TYROLIT SECUR OX 178 X 1.6 ",239.24),
("CIBA","DISCO TYROLIT SECUR OX 230 X 1.9",381.99),
("CIPA","DISCO TYROLIT XPERT OX 114 X 1.0 (X 25 UN)",3160.41),
("CE12A","DISCO TYROLIT XPERT OX 114 X 1.6 (X 25 UN)",2763.28),
("CE14A","DISCO TYROLIT XPERT OX 114 X 4.8 (X 10 UN)",1720.20),
("CE17A","DISCO TYROLIT XPERT OX 178 X 1.6 ",172.24),
("CE22A","DUCHADOR 5 FUNCIONES+SOPORTE+FLEXIBLE 1.5mts",1353.47),
("CMC","ELECTRODO PUNTA AZUL SIDERAL 2,0mm X5KG",4490.94),
("CMLDD","ELECTRODO PUNTA AZUL SIDERAL 2,5mm X5KG",3362.12),
("CML1D","ELECTRODO PUNTA AZUL SIDERAL 3,25mm X5KG",3014.48),
("CPI1D","ENROLLADOR DE 4 MTS.",477.55),
("CPL12D","ENROLLADOR DE 6 MTS.",644.65),
("CPL34D","ENROLLADOR DE 8 MTS.",846.53),
("CPM12D","ESCUADRA DE ALBAÑIL 40 cm.CHAYTO",517.89),
("CPM34D","ESCUADRA DE ALBAÑIL 50 cm.CHAYTO",629.92),
("CVR34D","ESCUADRA DE ALBAÑIL 60 cm.CHAYTO",686.05),
("CVR1D","ESCUADRA DE ALBAÑIL 70 cm.CHAYTO",782.79),
("CPVR34D","ESCURRIDOR PARA BANDEJA PINTOR",29.00),
("CPVR1D","ESPATULA MGO. MADERA 10 cm. CHAYTO",216.67),
("CS40T","ESPATULA MGO. MADERA 12 cm. CHAYTO",224.11),
("CS50T","ESPATULA MGO. MADERA 14 cm. CHAYTO",235.94),
("CL30P","ESPATULA MGO. MADERA 16 cm. CHAYTO",254.03),
("CL40P","ESPATULA MGO. MADERA 18 cm. CHAYTO",289.49),
("CL50P","ESPATULA MGO. MADERA 3 cm. CHAYTO",130.15),
("CN30P","ESPATULA MGO. MADERA 4 cm. CHAYTO",133.14),
("CB30P","ESPATULA MGO. MADERA 5 cm. CHAYTO",135.53),
("CB40P","ESPATULA MGO. MADERA 6 cm. CHAYTO",138.29),
("CB50P","ESPATULA MGO. MADERA 7 cm. CHAYTO",140.14),
("CB60P","ESPATULA MGO. MADERA 8 cm. CHAYTO",144.34),
("CB32C","ESPATULA MGO. MADERA 9 cm. CHAYTO",148.04),
("CB38C","ESPATULA MGO. PLÁSTICO 4 cm. CHAYTO",117.30),
("CB50C","ESPATULA MGO. PLÁSTICO 5 cm. CHAYTO",121.71),
("CB63C","ESPATULA MGO. PLÁSTICO 6 cm. CHAYTO",123.84),
("C30T","ESPATULA MGO. PLÁSTICO 7 cm. CHAYTO",125.72),
("C40T","ESPATULA MGO. PLÁSTICO 8 cm. CHAYTO",129.94),
("C50T","ESPATULA MGO. PLÁSTICO 9 cm. CHAYTO",133.47),
("CDPP","ESTAÑO ALAMBRE 1.5M 40% (X 10 UN)",917.14),
("CGT","ESTAÑO ALAMBRE 1.5M 50% (X 10 UN)",964.78),
("CK40P","ESTAÑO ALAMBRE 1.5M 60% (X 10 UN)",1036.25),
("CK50P","ESTAÑO EN VARILLA 33%",3513.72),
("CMT","ESTAÑO EN VARILLA 50%",5020.44),
("CT30P","ESTUFA ELECTRICA 2 VELAS 2 TECLAS",1595.00),
("CT40P","FAROL P/GAS BUTANO MINI 250 BUJIAS",1011.52),
("CT50P","FAROL P/GAS ENVASADO 500 BUJIAS",1918.86),
("CT60P","FILM STRETCH 10CM",227.29),
("CPLDD","FILM STRETCH 50CM",351.26),
("CB12L","FLAPPER PATA HEMBRA P/MOCHILA DEALER",111.17),
("CB34L","FLEJE O PATA P/COLLAR 0,50 MTS. X 25 2.85",253.96),
("CM12L","FLEJE O PATA P/COLLAR 1 MT. X 25 2.85",488.39),
("CM34L","FLEJE PERFORADO 0,71 x 19 x 30mts.",2139.93),
("CP12C","FLEJE PERFORADO 1,25 x 25 x 30mts.",4781.79),
("CFCV","FLEJE PERFORADO 7X19 x30mts ECONOMICO",1029.50),
("C07V","FLEX EXTENSIBLE ACERO 1/2X20-42 GAS NAT APROB",1034.38),
("C102V","FLEX EXTENSIBLE ACERO 1/2X40-95 GAS NAT APROB",1654.99),
("C103V","FLEXIBLE ACERO P/DUCHADOR 1/2 X 1.5m LATYN",454.04),
("C104V","FLEXIBLE ACERO P/DUCHADOR 1/2 X 1.8m LATYN",513.70),
("C111V","FLEXIBLE ACERO P/DUCHADOR 1/2 X 2m LATYN",552.91),
("C114V","FLEXIBLE MALLADO AGUA 1/2x20",234.28),
("C116V","FLEXIBLE MALLADO AGUA 1/2x25",242.15),
("C13V","FLEXIBLE MALLADO AGUA 1/2x30",249.39),
("C205V","FLEXIBLE MALLADO AGUA 1/2x35",256.91),
("C27V","FLEXIBLE MALLADO AGUA 1/2x40",264.32),
("C3BV","FLEXIBLE MALLADO AGUA 1/2x50",272.83),
("C3V","FLEXIBLE MALLADO AGUA 1/2X60",284.64),
("C317V","FLEXIBLE MALLADO AGUA 3/4x20",522.83),
("CPNPMD","FLEXIBLE MALLADO AGUA 3/4x25",539.30),
("CPNPND","FLEXIBLE MALLADO AGUA 3/4x30",557.64),
("CCM80D","FLEXIBLE MALLADO AGUA 3/4x35",574.32),
("CCM100D","FLEXIBLE MALLADO AGUA 3/4x40",591.24),
("CCN80D","FLEXIBLE MALLADO AGUA 3/4x50",602.23),
("CCN100D","FLEXIBLE MALLADO AGUA MONO X 30 CORTO",252.14),
("CND","FLEXIBLE MALLADO AGUA MONO X 30 LARGO",266.37),
("CMD","FLEXIBLE MALLADO AGUA MONO X 40 CORTO",263.12),
("CA","FLEXIBLE MALLADO AGUA MONO X 40 LARGO",278.33),
("CAV","FLEXIBLE MALLADO AGUA MONO X 50 CORTO",280.43),
("CAA","FLEXIBLE MALLADO AGUA MONO X 50 LARGO",299.25),
("CPF5F","FLEXIBLE MALLADO T/BCE P/GAS  100 CM.",344.36),
("CAR12A","FLEXIBLE MALLADO T/BCE P/GAS  120 CM.",380.84),
("CAR14A","FLEXIBLE MALLADO T/BCE P/GAS  150 CM.",438.77),
("CAR38A","FLEXIBLE MALLADO T/BCE P/GAS  30 CM.",226.29),
("CAR516A","FLEXIBLE MALLADO T/BCE P/GAS  40 CM.",243.42),
("CHE12A","FLEXIBLE MALLADO T/BCE P/GAS  50 CM.",257.35),
("CHE34A","FLEXIBLE MALLADO T/BCE P/GAS  60 CM.",274.60),
("CHE58A","FLEXIBLE MALLADO T/BCE P/GAS  80 CM..",315.27),
("CM312A","FLEXIBLE MALLADO T/BCE P/GAS  90 CM.",314.78),
("CM334A","FLEXIBLE PVC REGULABLE 1/2x20 CM.",79.14),
("CM358A","FLEXIBLE PVC REGULABLE 1/2x30 CM.",89.81),
("CM412A","FLEXIBLE PVC REGULABLE 1/2x40 CM.",97.58),
("CM434A","FLEXIBLE PVC REGULABLE 1/2x50 CM.",99.40),
("CM458A","FLOTANTE A/P RAO C/BOYA 1/2 HORIZONTAL",593.49),
("COS","FLOTANTE A/P RAO C/BOYA 3/4 HORIZONTAL",631.54),
("C200F","FLOTANTE A/PRESION EGEO C/BOYA 1/2",878.90),
("CSI18F","FLOTANTE A/PRESION EGEO C/BOYA 3/4",920.52),
("C511F","FLOTANTE A/PRESION BRONCE  1/2",1259.52),
("C514F","FLOTANTE A/PRESION BRONCE  3/4",1554.13),
("C5118F","FLOTANTE A/PRESION BRONCE 1",2316.29),
("C911F","FLOTANTE P/DEP. SILEN. C/TUERCA BCE LATYN",395.10),
("C914F","FRATACHO ABRASIVO FINO",225.49),
("C9110F","FRATACHO ABRASIVO GRUESO",225.49),
("C9118F","FRATACHO ABRASIVO MEDIANO",225.49),
("C8118F","FRATACHO ALGARROBO 20 cm. C/TARUGO",335.26),
("C10F","FRATACHO ALGARROBO 25 cm. C/TARUGO",554.26),
("C12F","FRATACHO ALGARROBO 30 cm. C/TARUGO",621.09),
("C14F","FRATACHO ALGARROBO 35 cm. C/TARUGO",668.66),
("C18F","FRATACHO ALGARROBO 40 cm. C/TARUGO",717.17),
("C18FO","FRATACHO PINO 20 cm. C/TARUGO",160.50),
("C1F","FRATACHO PINO 25 cm. C/TARUGO",246.93),
("C4F","FRATACHO PINO 30 cm. C/TARUGO",264.90),
("C50F","FRATACHO PINO 35 cm. C/TARUGO",275.95),
("CST12F","FRATACHO PINO 40 cm. C/TARUGO",302.54),
("CST14F","FRATACHO PINO C/FIELTRO 20 cm.",531.50),
("CST18F","FRATACHO PINO C/FIELTRO 25 cm.",604.11),
("CST18FO","FRATACHO PINO C/FIELTRO 30 cm.",668.21),
("CST1F","FRATACHO PVC 20CM **OFERTA**",64.53),
("CST4F","FRATACHO PVC 25CM **OFERTA**",79.03),
("CST50F","FRATACHO PVC ESPECIAL 20 cm.",78.58),
("CST10F","FRATACHO PVC ESPECIAL 25 cm.",95.40),
("CBCMR","FRATACHO PVC ESPECIAL 30 cm.",120.02),
("CC41","FUELLE SIFON DE GOMA",78.30),
("CC51","GANCHO CENTRO LUZ U 3/16",20.22),
("CC61","GANCHO TIPO J DE 1 ",42.10),
("CC71","GANCHO TIPO J DE 1 1/2",47.14),
("CC81","GANCHO TIPO J DE 1 1/4",45.12),
("CC101","GANCHO TIPO J DE 1/2",36.44),
("CCNR75R","GANCHO TIPO J DE 3/4",37.60),
("CCNR100R","GANCHOS TECHO T/BASTON  50 mm.",12.88),
("CDV12R","GANCHOS TECHO T/BASTON  60 mm.",15.62),
("CDV17R","GANCHOS TECHO T/BASTON  70 mm.",16.92),
("CDV24R","GANCHOS TECHO T/BASTON  80 mm.",20.61),
("CDV30R","GANCHOS TECHO T/BASTON  90 mm.",21.73),
("CCR60R","GANCHOS TECHO T/BASTON 100 mm.",23.14),
("CCR75R","GANCHOS TECHO T/BASTON 120 mm.",32.00),
("CCR100R","GANCHOS TECHO T/BASTON 150 mm.",47.66),
("CBC","GANCHOS TECHO T/BASTON 200 mm.",58.53),
("C419C","GANCHOS TECHO T/BASTON 250 mm.",74.39),
("C619C","GRAMPA 1/2 OMEGA P/COBRE 1/2",8.51),
("CB30C","GRAMPA 1/2 OMEGA P/COBRE 1/4",7.28),
("CB42","GRAMPA 1/2 OMEGA P/COBRE 3/8",7.78),
("CB44","GRAMPA 1/2 OMEGA P/COBRE 5/16",7.28),
("CB46","GRAMPA 1/2 OMEGA P/GALV.  1/2",9.71),
("CB48","GRAMPA 1/2 OMEGA P/GALV. 1",13.02),
("CB50","GRAMPA 1/2 OMEGA P/GALV. 1.1/2",27.82),
("CCN75R","GRAMPA 1/2 OMEGA P/GALV. 1.1/4",26.04),
("CCN100R","GRAMPA 1/2 OMEGA P/GALV. 2",32.56),
("CCP60R","GRAMPA 1/2 OMEGA P/GALV. 2.1/2",37.88),
("CCP75R","GRAMPA 1/2 OMEGA P/GALV. 3",53.27),
("CCP100R","GRAMPA 1/2 OMEGA P/GALV. 3/4",11.72),
("CCV50R","GRAMPA 1/2 OMEGA P/GALV. 4",69.85),
("CCV75R","GRAMPA 1/2 OMEGA P/HB 1/2",7.80),
("CPV100R","GRAMPA 1/2 OMEGA P/HB 3/4",8.03),
("CPV50R","GRAMPA 1/2 OMEGA P/HB 3/8",7.15),
("CPV75R","GRAMPA 1/2 OMEGA P/PVC 110 mm (4)",69.85),
("C201HPC","GRAMPA 1/2 OMEGA P/PVC 40 mm (1 1/2)",26.04),
("C206HPC","GRAMPA 1/2 OMEGA P/PVC 50 mm (2)",27.82),
("CCR110P","GRAMPA 1/2 OMEGA P/PVC 63 mm (2 1/2)",32.56),
("CH200CP","GRAMPA 2 x 4 x 2",49.52),
("CPCA","GRAMPA CAÑO 40 X 50",249.06),
("C105P","GRAMPA CAÑO FUND. CUELLO 2 1/2 x 100cm.",1133.92),
("C207B","GRAMPA CAÑO FUND. CUELLO 2 1/2 x 50cm.",639.08),
("C208B","GRAMPA CAÑO FUND. CUELLO 4 x 100cm. ",1196.14),
("C214P","GRAMPA CAÑO FUND. CUELLO 4 x 50cm.",693.99),
("C101A","GRAMPA CAÑO FUND. CUERPO 2 1/2 x 100cm. ",1083.30),
("C200B","GRAMPA CAÑO FUND. CUERPO 2 1/2 x 50cm.",592.76),
("C200N","GRAMPA CAÑO FUND. CUERPO 4 x 100cm. ",1150.83),
("C205N","GRAMPA CAÑO FUND. CUERPO 4 x 50cm. ",654.45),
("C207NP","GRAMPA DE MARCO ONDULADA GALV.",36.63),
("C208NP","GRAMPA GIRATORIA REFORZADA",133.79),
("C2103T","GRAMPA OMEGA P/CHAPA 10",333.56),
("C106P","GRAMPA OMEGA P/CHAPA 12",398.55),
("CDBC","GRAMPA OMEGA P/CHAPA 3",39.44),
("CDCC","GRAMPA OMEGA P/CHAPA 4 (101 mm)",51.96),
("C2104T","GRAMPA OMEGA P/CHAPA 5",115.99),
("C600T","GRAMPA OMEGA P/CHAPA 6",182.95),
("C615T","GRAMPA OMEGA P/CHAPA 7",216.41),
("C700T","GRAMPA OMEGA P/CHAPA 8",261.52),
("C101","GRAMPA OMEGA P/GALV. 1 1/2",26.91),
("C102","GRAMPA OMEGA P/GALV. 1 1/4",23.20),
("C1020","GRAMPA OMEGA P/GALV. 1",14.85),
("C1025","GRAMPA OMEGA P/GALV. 1/2",9.93),
("C107","GRAMPA OMEGA P/GALV. 2 1/2 (74 mm)",39.44),
("C113","GRAMPA OMEGA P/GALV. 2",32.01),
("C201","GRAMPA OMEGA P/GALV. 3 (90 mm)",45.00),
("C204P","GRAMPA OMEGA P/GALV. 3/4",12.20),
("C205","GRAMPA OMEGA P/H.BRON 1/2",20.92),
("C206","GRAMPA OMEGA P/H.BRON 3/4",24.63),
("C209","GRAMPA OMEGA P/H.BRON.3/8",9.23),
("C2105","GRAMPA OMEGA P/PVC 110 mm (4)",55.67),
("C2107","GRAMPA OMEGA P/PVC 160 mm (6)",182.95),
("C3101T","GRAMPA OMEGA P/PVC 40 mm (1 1/2)",23.20),
("C5105","GRAMPA OMEGA P/PVC 50 mm (2)",26.91),
("C6624","GRAMPA OMEGA P/PVC 63 mm (2 1/2)",32.01),
("C6625","GRAMPA P/CHAPA 10 COLA 30cm",632.46),
("C1001T","GRAMPA P/CHAPA 2 1/2 COLA 20 cm.",176.38),
("C1002T","GRAMPA P/CHAPA 2 1/2 COLA 30 cm.",195.13),
("C120P","GRAMPA P/CHAPA 3 COLA 100 cm.",452.65),
("C200","GRAMPA P/CHAPA 3 COLA 20 cm.",176.26),
("C207","GRAMPA P/CHAPA 3 COLA 30 cm.",191.02),
("C208","GRAMPA P/CHAPA 3 COLA 50 cm.",254.48),
("C3002T","GRAMPA P/CHAPA 4 COLA 100 cm.",498.98),
("C601C","GRAMPA P/CHAPA 4 COLA 20 cm.",186.43),
("C602C","GRAMPA P/CHAPA 4 COLA 30 cm.",194.99),
("C2001P","GRAMPA P/CHAPA 4 COLA 50 cm.",257.78),
("C2003P","GRAMPA P/CHAPA 5 COLA 100 cm.",632.58),
("C2005P","GRAMPA P/CHAPA 5 COLA 20 cm.",225.77),
("C2007P","GRAMPA P/CHAPA 5 COLA 30 cm.",257.78),
("C216P","GRAMPA P/CHAPA 5 COLA 50 cm.",345.77),
("C202P","GRAMPA P/CHAPA 6 COLA 100 cm.",681.00),
("C203","GRAMPA P/CHAPA 6 COLA 20 cm.",288.04),
("C210","GRAMPA P/CHAPA 6 COLA 30 cm.",300.30),
("C212P","GRAMPA P/CHAPA 6 COLA 50 cm.",379.97),
("C5101T","GRAMPA P/CHAPA 7 COLA 20 cm.",415.51),
("C211P","GRAMPA P/CHAPA 7 COLA 30 cm.",487.34),
("C213P","GRAMPA P/CHAPA 8 COLA 20 cm.",436.35),
("CSAS","GRAMPA P/CHAPA 8 COLA 30cm",511.61),
("CSRS","GRAMPA P/CHAPA 8 COLA 50cm",581.35),
("CS","GRAMPA P/GALV. 1 1/2 COLA 20 cm.",163.58),
("CC12PS","GRAMPA P/GALV. 1 1/2 COLA 30 cm.",238.73),
("CC34PS","GRAMPA P/GALV. 1 1/4 COLA  8 cm.",59.02),
("CPA8065T","GRAMPA P/GALV. 1 1/4 COLA 20 cm.",169.71),
("CPA8045T","GRAMPA P/GALV. 1 1/4 COLA 30 cm.",187.97),
("CPA8085T","GRAMPA P/GALV. 1 COLA  8 cm.",53.65),
("CAR","GRAMPA P/GALV. 1 COLA 20 cm.",161.90),
("CMP","GRAMPA P/GALV. 1 COLA 30 cm.",178.36),
("CDNAD","GRAMPA P/GALV. 1/2 COLA  8 cm.",46.89),
("CDCP5R","GRAMPA P/GALV. 1/2 COLA 20 cm.",137.20),
("CDCP10R","GRAMPA P/GALV. 1/2 COLA 30 cm.",155.04),
("CDCP15R","GRAMPA P/GALV. 2 COLA 20 cm.",170.14),
("CDCP20R","GRAMPA P/GALV. 2 COLA 30 cm.",182.76),
("CMR525E","GRAMPA P/GALV. 2 COLA 50 cm.",248.83),
("CPC205R","GRAMPA P/GALV. 3/4 COLA  8 cm.",49.36),
("CPC40R","GRAMPA P/GALV. 3/4 COLA 20 cm.",149.55),
("CPP250R","GRAMPA P/GALV. 3/4 COLA 30 cm.",164.64),
("CPP400R","GRAMPA P/PVC 2 1/2 COLA 100 cm. (63mm.)",463.68),
("CDTND","GRAMPA P/PVC 2 1/2 COLA 20 cm. (63mm.)",176.38),
("CEMC","GRAMPA P/PVC 2 1/2 COLA 30 cm. (63mm.)",184.19),
("CETC","GRAMPA P/PVC 2 1/2 COLA 50 cm. (63mm.)",252.98),
("CPRVT","GRAMPA P/PVC 4 COLA 100 cm. (110mm.)",554.38),
("CV18D","GRAMPA P/PVC 4 COLA 20 cm. (110mm.)",192.31),
("CV48D","GRAMPA P/PVC 4 COLA 30 cm. (110mm.)",211.07),
("CP50F","GRAMPA P/PVC 4 COLA 50 cm. (110mm.)",257.78),
("CP100F","GRAMPA P/PVC 6 COLA 100 cm. (160mm.)",728.95),
("CP200F","GRAMPA P/PVC 6 COLA 20 cm. (160mm.)",358.74),
("CAN10D","GRAMPA P/PVC 6 COLA 30 cm. (160mm.)",395.04),
("CAN20D","GRAMPA P/PVC 6 COLA 50 cm. (160mm.)",474.25),
("CAB10D","GRAMPA PARA CAÑO DE ARRIMAR 1",152.66),
("CAB20D","GRAMPA PARA CAÑO DE ARRIMAR 1/2",134.10),
("CA18D","GRAMPA PARA CAÑO DE ARRIMAR 3/4",139.54),
("CA24D","GRAMPA PERITA (COLGANTE LAZO) 1 1/2",70.68),
("CA36D","GRAMPA PERITA (COLGANTE LAZO) 1 1/4",68.29),
("CA48D","GRAMPA PERITA (COLGANTE LAZO) 1",59.04),
("CDC5T","GRAMPA PERITA (COLGANTE LAZO) 1/2",54.88),
("CDC10T","GRAMPA PERITA (COLGANTE LAZO) 2 1/2",92.06),
("CDC15T","GRAMPA PERITA (COLGANTE LAZO) 2",74.80),
("CDP5T","GRAMPA PERITA (COLGANTE LAZO) 3",143.72),
("CDP10T","GRAMPA PERITA (COLGANTE LAZO) 3/4",57.24),
("CDTAD","GRAMPA PERITA (COLGANTE LAZO) 4",161.59),
("CDTGD","GRAMPA PERITA (COLGANTE LAZO) 5",263.58),
("CEMD","GRAMPA PERITA (COLGANTE LAZO) 6",298.02),
("CETD","GRAMPA PERITA (COLGANTE LAZO) PVC 110",123.93),
("C18C","GRAMPA T/BARRAL 1  x 30 cm.",229.73),
("C24C","GRAMPA T/BARRAL 1 1/2 x 30 cm.",241.45),
("C36C","GRAMPA T/BARRAL 1 1/4x 30 cm.",237.71),
("C48C","GRAMPA T/BARRAL 1/2 x 30 cm.",219.58),
("C12D","GRAMPA T/BARRAL 2  x 30 cm.",250.52),
("C18D","GRAMPA T/BARRAL 2 1/2 x 30 cm.",255.84),
("C24D","GRAMPA T/BARRAL 3  x 30 cm.",285.68),
("C36D","GRAMPA T/BARRAL 3/4 x 30 cm.",223.33),
("C48D","GRAMPA T/BARRAL 4  x 30 cm.",306.59),
("C12C","GRAMPA TECHO FIBRO/MADERA 1/2 X 1/8",60.23),
("CMR2C","GRAMPA TV AMURAR",121.23),
("CMR3C","GRAMPAS CANALETA 1/2 CAÑA 13",72.44),
("CMR5C","GRAMPAS CANALETA 1/2 CAÑA 15",79.52),
("CMCF8C","GRAMPAS CANALETA 1/2 CAÑA 18",88.05),
("CMCF10C","GRAMPAS CANALETA 7X15X10",114.61),
("CM3S","GRAMPAS CANALETA 7x15x7",109.71),
("CM5S","GRAMPAS CANALETA AMERICANA C/PATA",114.28),
("CM8S","GRAMPAS CANALETA AMERICANA PATA BAJA",114.28),
("CM15C","GRAMPAS CANALETA AMERICANA S/PATA",89.06),
("CM20C","GRAMPAS CANALETA MOLDURA 15 C/PATA",105.61),
("CM30C","GRAMPAS CANALETA MOLDURA 15 S/PATA",86.59),
("CM50C","GRIFERIA MEZCLA. COCINA MESADA CISNE MOZART",6317.41),
("CM10C","GRIFERIA MEZCLA. COCINA MESADA PICOJ MOZART",6168.85),
("CM10SC","GRIFERIA MEZCLA. COCINA PARED MOZART",6183.81),
("CPBT","GRIFERIA MONOC. BIDET MOZART MADRID",5297.87),
("CPVT","GRIFERIA MONOC. BIDET SHIFT/IPANEMA",9459.35),
("CPPF112","GRIFERIA MONOC. COCINA KRANEN",4948.36),
("CPPF212","GRIFERIA MONOC. COCINA KRANEN ECO",3033.31),
("CPPF312","GRIFERIA MONOC. COCINA MOZART MADRID 27CM",4177.09),
("CPPF1","GRIFERIA MONOC. COCINA SHIFT",4518.01),
("CPPF2","GRIFERIA MONOC. COCINA CISNE MOZART MADRID",4944.21),
("CPPF3","GRIFERIA MONOC. COCINA PICO FINO J MOZART",4351.29),
("CPPF4","GRIFERIA MONOC. DUCHA C/TRANSF EMBUTIR SHIFT",16817.63),
("CPPF5","GRIFERIA MONOC. DUCHA C/TRANSF EXT MOZART M",7729.71),
("CPPF6","GRIFERIA MONOC. DUCHA C/TRANSF EXT SHIFT",8742.81),
("CPPF7","GRIFERIA MONOC. DUCHA S/TRAN EMBUTIR IPANEMA",7274.13),
("CPPF8E","GRIFERIA MONOC. LAVATORIO KRANEN",3463.85),
("CPPG1","GRIFERIA MONOC. LAVATORIO SHIFT",5932.32),
("CPPG2","GRIFERIA MONOC. LAVATORIO BAJO MOZART MAD",5232.13),
("CPPG3","GRIFERIA MONOC. LAVATORIO P.ALTO MOZART MAD",4563.61),
("CPPG4","GRIFERIA P/DUCHA EMBUTIR C/TRANSF VIVA CRUZ",7176.39),
("CPPG5","GRIFERIA P/DUCHA EMBUTIR C/TRANSF VIVA PLUS",6705.17),
("CPPG6","GRIFERIA P/DUCHA EXTERIOR C/TRANSF VIVA PLUS",8067.70),
("CPPG7","GRIFERIA PARA BIDET VIVA CRUZ",6200.94),
("CPPG8","GRIFERIA PARA BIDET VIVA PLUS",5463.04),
("CPPG112","GRIFERIA PARA COCINA P/MESADA VIVA PLUS",6077.31),
("CPPG212","GRIFERIA PARA COCINA P/PARED VIVA PLUS",6788.03),
("CPPG312","GRIFERIA PARA LAVATORIO VIVA CRUZ PICO ALTO",5215.78),
("CCP1620","GRIFERIA PARA LAVATORIO VIVA PLUS PICO ALTO",4802.82),
("CCP1625","GRIFERIA PVC MESADA CURVO ALTO MOV.MEDIO GIRO",913.33),
("CCP1630","GRIFERIA PVC PARED CURVO ALTO MOV.MEDIO GIRO",924.53),
("CA17020E","GRIFO PVC LAV. PICO RECTO FIJO MEDIO GIRO",372.94),
("CA17025E","GRIFO PVC MESADA CURVO ALTO MOV. MEDIO GIRO",554.61),
("CA25025E","GRIFO PVC PARED CURVO ALTO MOVIL MEDIO GIRO",507.12),
("CA25030E","GRINFA DE CEMENTISTA DE 10 MM. VIRGA",434.54),
("CA25040E","GRINFA DE CEMENTISTA DE 12 MM. VIRGA",569.10),
("CEF1E","GRINFA DE CEMENTISTA DE 14 MM. VIRGA",616.76),
("CEF2E","GRINFA DE CEMENTISTA DE 16 MM. VIRGA",745.72),
("CEF3E","GRINFA DE CEMENTISTA DE 18 MM. VIRGA",981.22),
("CEF4E","GRINFA DE CEMENTISTA DE 20 MM. VIRGA",1466.21),
("CEF5E","GRINFA DE CEMENTISTA DE 6 MM. VIRGA",319.60),
("CEF6E","GRINFA DE CEMENTISTA DE 8 MM. VIRGA",350.44),
("CEF112E","GUANTE ALGODON REFORZADO MOTEADO",76.91),
("CEF212E","GUANTE ANTICORTE POLIAM LATEX CORRUG AMARILLO",313.98),
("CEG1E","GUANTE DE ALBAÑIL DESCARNE C/JEAN",174.00),
("CEG2E","GUANTE DE ALBAÑIL DESCARNE REF.",243.60),
("CEG3E","GUANTE ENGOMADO POLIAMIDA NITRILO ROJO/NEGRO",248.83),
("CEG4E","GUANTE LATEX NEGRO Nº 10 X 30CM TACOLATEX",262.46),
("CEG5E","GUANTE LATEX NEGRO Nº 10 X 35 CM TACOLATEX",362.01),
("CEG6E","GUANTE LATEX NEGRO Nº 10.1/2 X 30CM TACOLATEX",262.46),
("CEG112E","GUANTE LATEX NEGRO Nº 10.1/2 X 35CM TACOLATEX",362.01),
("CEG212E","GUANTE LATEX NEGRO Nº 11 X 30CM",262.46),
("CMPBS","GUANTE LATEX NEGRO Nº 11 X 35CM TACOLATEX",362.01),
("CMPNS","GUANTE LATEX NEGRO Nº 8 X 32CM VICUÑA",78.76),
("CA225EE","GUANTE LATEX NEGRO Nº 9  X 30CM",262.46),
("CA230EE","GUANTE LATEX NEGRO Nº 9 X 35CM TACOLATEX",362.01),
("CA240EE","GUANTE LATEX NEGRO Nº 9.1/2 X 30CM TACOLATEX",262.46),
("CA330EE","GUANTE LATEX NEGRO Nº 9.1/2 X 35CM TACOLATEX",362.01),
("CA340EE","GUANTE PVC ROJO QUIMICO LARGO X 40CM",498.38),
("CA350EE","GUANTE PVC ROJO/ FLUOR QUIMICO CORTO X 30CM",390.52),
("CA360EE","HACHA TUMBA C/CABO GHERARDI",6363.92),
("CCP2128","HACHA TUMBA C/CABO VIRGA",2872.28),
("CCP38","HACHITA VISCAHINA VIRGA",978.92),
("CCP48","HACHUELA DE ALBAÑIL Nº2 VIRGA",566.30),
("CC1225E","HACHUELA DE AZULEJISTA VIRGA",490.61),
("CC1230E","HOJA DE SIERRA SIN PAR A/CARB. x 18 DTS.",843.12),
("CC1232E","HOJA DE SIERRA SIN PAR A/CARB. x 24 DTS.",843.12),
("CC1238E","HOJA DE SIERRA SIN PAR A/CARB. x 32 DTS.",843.12),
("CC1450E","HOJA DE SIERRA SIN PAR A/RAP FLEX x18 DTS",1180.89),
("CC1550E","HOJA DE SIERRA SIN PAR A/RAP FLEX x24 DTS",1180.89),
("CC1663E","HOJA DE SIERRA SIN PAR A/RAP FLEX x32 DTS",1180.89),
("CCC612","HOJA DE SIERRA SIN PAR A/RAP. x 32 DTS.",1506.14),
("CCC616","HOJA DE SIERRA SIN PAR A/RAP. x18 DTS.",1506.14),
("CCC716","HOJA DE SIERRA SIN PAR A/RAP. x24 DTS.",1506.14),
("CCC720","HOJA DE SIERRA SIN PAR BIMETAL. x 18 DTS.",1344.32),
("CCC820","HOJA DE SIERRA SIN PAR BIMETAL. x 24 DTS.",1344.32),
("CCC825","HOJA DE SIERRA SIN PAR BIMETAL. x 32 DTS.",1344.32),
("CCC830","HOJA DE SIERRA SIN PAR JUNIOR",545.23),
("CCC920","HORQUILLA 4 DTES CABO CORTO CHAYTO",1244.67),
("CCC925","HORQUILLA 4 DTES CABO LARGO CHAYTO",1598.92),
("CCC930","HORQUILLA 6 DTES CABO CORTO CHAYTO",1679.16),
("CCC1020","HORQUILLA 6 DTES CABO LARGO CHAYTO",2058.21),
("CCC1025","INGLETE ALGARROBO GRANDE",857.66),
("CCC1030","JABALINA 3/8 x 1.5 mts.",887.77),
("CCC1035","LAPIZ CARPINTERO REFORZADO",18.85),
("CCC1040","LAPIZ DE WIDIA NEIKE",117.22),
("CCC1230","LAPIZ DE WIDIA CON PINZA NEIKE",713.89),
("CCC1235","LIJA AL AGUA RAPIFIX Nro. 100 (X 50 UN)",1834.54),
("CCC1240","LIJA AL AGUA RAPIFIX Nro. 1000 (X 50 UN)",2242.57),
("CCC1250","LIJA AL AGUA RAPIFIX Nro. 120 (X 50 UN)",1834.54),
("CCC1440","LIJA AL AGUA RAPIFIX Nro. 150 (X 50 UN)",1834.54),
("CCC1450","LIJA AL AGUA RAPIFIX Nro. 180 (X 50 UN)",1834.54),
("CCC1550","LIJA AL AGUA RAPIFIX Nro. 220 (X 50 UN)",1834.54),
("CCC1663","LIJA AL AGUA RAPIFIX Nro. 240 (X 50 UN)",1834.54),
("CCC1776","LIJA AL AGUA RAPIFIX Nro. 320 (X 50 UN)",1834.54),
("CC112E","LIJA AL AGUA RAPIFIX Nro. 360 (X 50 UN)",1834.54),
("CC212E","LIJA AL AGUA RAPIFIX Nro. 400 (X 50 UN)",1834.54),
("CC2E","LIJA AL AGUA RAPIFIX Nro. 60 (X 50 UN)",1834.54),
("CP21284B","LIJA AL AGUA RAPIFIX Nro. 600 (X 50 UN)",1834.54),
("CP384B","LIJA AL AGUA RAPIFIX Nro. 80 (X 50 UN)",1834.54),
("CP484B","LIJA ROJA PARA MADERA RAPIFIX Nº 60 (x50un)",1223.22),
("CCP612","LIJA ROJA PARA MADERA RAPIFIX Nº 80 (x50un)",1223.22),
("CCP616","LIJA ROJA PARA MADERA RAPIFIX Nº120 (x50un)",1223.22),
("CCP716","LIJA ROJA PARA MADERA RAPIFIX Nº150 (x50un)",1223.22),
("CCP720","LIJA ROJA PARA MADERA RAPIFIX Nº180 (x50un)",1223.22),
("CCP820","LLANA DENTADA 10 x 10 MGO. PLÁSTICO CHAYTO",352.41),
("CCP825","LLANA DENTADA 12 x 12 MGO. PLÁSTICO CHAYTO",352.41),
("CCP830","LLANA DENTADA 6 x 6  MGO. PLÁSTICO CHAYTO",352.41),
("CCP920","LLANA DENTADA 8 x 8  MGO. PLÁSTICO CHAYTO",352.41),
("CCP925","LLANA FLEXIBLE 12 x 25 MGO. PLÁSTICO CHAYTO",314.57),
("CCP930","LLANA FLEXIBLE 12 x 30 MGO. PLÁSTICO CHAYTO",338.25),
("CCP935E","LLANA PVC TARQUINI 15 x 30 SANTA JUANA",474.84),
("CCP1020","LLANA PVC TARQUINI 20 x 30 SANTA JUANA",537.10),
("CCP1025","LLAVE DE PASO ESF PVC DUKE 1 1/2 X CAJA 10 UN",11546.83),
("CCP1030","LLAVE DE PASO ESF PVC DUKE 1 1/4 X CAJA 10 UN",9086.24),
("CCP1035","LLAVE DE PASO ESF PVC DUKE 1 X CAJA 30 UN",11641.09),
("CCP1040","LLAVE DE PASO ESF PVC DUKE 1/2 X CAJA 60 UN",12272.90),
("CCP1230","LLAVE DE PASO ESF PVC DUKE 2 X CAJA 10 UN",14647.14),
("CCP1235","LLAVE DE PASO ESF PVC DUKE 3/4 X CAJA 60 UN",15428.85),
("CCP1240","LLAVE DE PASO ESF. METAL ECON 1 LATYN",694.07),
("CCP1250","LLAVE DE PASO ESF. METAL ECON 1/2 LATYN",303.60),
("CCP1440","LLAVE DE PASO ESF. METAL ECON 3/4 LATYN",416.80),
("CCP1450","LLAVE DE PASO ESF. METAL REF. 1",1290.07),
("CCP1550","LLAVE DE PASO ESF. METAL REF. 1/2",508.47),
("CCP1663","LLAVE DE PASO ESF. METAL REF. 3/4",854.87),
("CCP1776","LLAVE DE PASO ESF. PVC LATYN 1",265.91),
("CP35P","LLAVE DE PASO ESF. PVC LATYN 1/2",115.79),
("CP33P","LLAVE DE PASO ESF. PVC LATYN 3/4",150.44),
("CSP20T","LLAVE DE PASO ESF. PVC DUKE 1 1/2",1212.42),
("CST15200","LLAVE DE PASO ESF. PVC DUKE 1 1/4",954.06),
("CC20F","LLAVE DE PASO ESF. PVC DUKE 1",407.44),
("CT200F","LLAVE DE PASO ESF. PVC DUKE 1/2",214.78),
("CPM25F","LLAVE DE PASO ESF. PVC DUKE 2",1537.95),
("CPM1F","LLAVE DE PASO ESF. PVC DUKE 3/4",270.01),
("CPM5F","LLAVE P/GAS BRONCE 1/2 ALARSA",1499.20),
("CSCPF","LLAVE P/GAS BRONCE 3/4 ALARSA",1821.15),
("CS220F","LLAVE P/GAS C/CAMPANA 1/2 ALARSA",1873.19),
("C125T","LLAVE P/GAS C/CAMPANA 3/4 ALARSA",2247.17),
("C250T","LLAVE P/GAS CROMO 1/2 ALARSA",1674.81),
("C500T","LLAVE P/GAS CROMO 3/4 ALARSA",2009.77),
("C1000T","LLUVIA ANTISARRO",119.35),
("CS1F","LLUVIA COMPLETA ANTISARRO",239.74),
("CS12F","LLUVIA COMPLETA GRANDE PVC CROMADA 1 PIEZA",227.12),
("CS14F","LLUVIA DE BIDET 1/2 PULIDA",307.57),
("CS18F","LLUVIA DE BIDET 3/8 PULIDA",306.13),
("CS24F","LLUVIA PVC MOVIL MEDIO GIRO",187.74),
("CS6F","LUBRICANTE TEFLONADO TF3 225cm3",210.14),
("CT151F","LUBRICANTE TEFLONADO TF3 440cm3",263.96),
("CT156F","MACHETE Nº20 GHERARDI",1909.16),
("CX361F","MACHETE Nº20 PINTADO MGO. PLASTICO CHAYTO",1167.86),
("CX366F","MANGO ALUMINIO 1,40MT P/SACAHOJAS PILETA",696.34),
("CX3622F","MANGUERA ALTA PRESION 8mm X 50mts.",5419.06),
("C4PP","MANGUERA ALTA PRESION 8mm. X 25mts.",2708.35),
("C6PP","MANGUERA CARGA 1,50 mts. LAVARROPA",362.93),
("CAD42SC","MANGUERA CARGA 2,00 mts. LAVARROPA",442.79),
("CAD67SC","MANGUERA CARGA 2,50 mts. LAVARROPA",531.32),
("CAD93SC","MANGUERA DE GAS TRENZ. x 25 mts. APROBADA",1752.00),
("CAD117SC","MANGUERA DE GAS TRENZ. x 50 mts. APROBADA",3504.00),
("CAD140SC","MANGUERA DE RIEGO 1 x 25 mt REF.",3735.58),
("CAI42SC","MANGUERA DE RIEGO 1 X 25 OFERTA",3333.84),
("CAI67SC","MANGUERA DE RIEGO 1/2 x 15 mt REF.",791.55),
("CAI93SC","MANGUERA DE RIEGO 1/2 x 25 mt REF.",1244.64),
("CAI117SC","MANGUERA DE RIEGO 1/2 X 25 OFERTA",1111.28),
("CA42SC","MANGUERA DE RIEGO 1/2 X 25 TRENZADA",2069.15),
("CA67SC","MANGUERA DE RIEGO 1/2 x 50 mt REF.",2489.23),
("CA93SC","MANGUERA DE RIEGO 3/4 x 25 mt REF.",2489.23),
("CA117SC","MANGUERA DE RIEGO 3/4 X 25 OFERTA",2222.56),
("CA140SC","MANGUERA DE RIEGO 3/4 X 25 TRENZADA",4138.30),
("CA165SC","MANGUERA DE RIEGO 3/4 X 50 mt REF.",4979.92),
("CA190SC","MANGUERA DESCARGA 1,20 mts LAVARROPA",267.92),
("CA215SC","MANGUERA DESCARGA 1,80 mts LAVARROPA",313.56),
("CA240SC","MANGUERA DESCARGA EXT. 2,2MTS LAV. BONOMINI",151.84),
("CA290SC","MANGUERA HIDROCARBURO 5 x 8 x 50 mts.",1988.05),
("CM12V","MANGUERA NIVEL 06 x 09 de 50 mts.",1710.98),
("CM34V","MANGUERA NIVEL 07 x 11 de 50 mts",2847.20),
("CP42SC","MANGUERA NIVEL 09 x 12 de 50 mts.",2489.57),
("CP67SC","MANGUERA NIVEL 12 x 15 de 50 mts.",3203.68),
("CP93SC","MANGUERA NIVEL 14 x 18 de 25 mts.",2529.39),
("CP117SC","MANGUERA NIVEL 15 x 18 de 25 mts.",1977.59),
("CCPS","MANGUERA NIVEL 16 x 20 de 25 mts.",2847.41),
("CE40D","MANGUITO DE LUZ METAL 1",3.18),
("CE50D","MANGUITO DE LUZ METAL 5/8",1.36),
("CF3PPS","MAQUINA DE SALPICAR PVC NEIKE",1488.80),
("CFPPS","MARTILLO BOLITA 300 GR.VIRGA",510.23),
("CR","MARTILLO BOLITA 500 GR.VIRGA",627.98),
("CBB12P","MARTILLO CARPINTERO Nº16 VIRGA",325.21),
("CBB14P","MARTILLO CARPINTERO Nº18 VIRGA",347.62),
("CBB20P","MARTILLO CARPINTERO Nº20 VIRGA",370.06),
("CBN12P","MARTILLO CARPINTERO Nº22 VIRGA",406.51),
("CBN14P","MARTILLO CARPINTERO Nº25 VIRGA",482.20),
("CBB1P","MARTILLO DE COBRE P/SOLDADOR de 70 grs.",539.70),
("CBB4P","MARTILLO GALPONERO CHAYTO de 27 mm.",1095.40),
("CBN1P","MARTILLO GALPONERO LORO de 28mm. x 500 grs.",3296.06),
("CBN20P","MASILLA PARA VIDRIO 1 Kg.",71.78),
("CBN4P","MASILLA PARA VIDRIO 1/2 Kg.",39.88),
("CB12V","MAZA DE ALBAÑIL DE 1 1/2 VIRGA",622.37),
("CB14V","MAZA DE ALBAÑIL DE 1 1/4 VIRGA",546.68),
("CB1V","MAZA DE ALBAÑIL DE 1 KG. VIRGA",448.56),
("CB4V","MAZA DE ALBAÑIL DE 10 KG. VIRGA",4149.12),
("CVI12V","MAZA DE ALBAÑIL DE 2 KG. VIRGA",846.64),
("CVI14V","MAZA DE ALBAÑIL DE 3 KG. VIRGA",1387.71),
("CVI1V","MAZA DE ALBAÑIL DE 4 KG. VIRGA",2102.60),
("CVI4V","MAZA DE ALBAÑIL DE 5 KG. VIRGA",2186.70),
("CN12V","MAZA DE ALBAÑIL DE 500 GRS. VIRGA",328.01),
("CN14V","MAZA DE ALBAÑIL DE 800 GRS. VIRGA",426.13),
("CN1V","MECHA DE WIDIANEIKE CORTA 10 mm",203.64),
("CN4V","MECHA DE WIDIANEIKE CORTA 12 mm",300.70),
("CR4V","MECHA DE WIDIANEIKE CORTA 3 mm",88.91),
("CR12V","MECHA DE WIDIANEIKE CORTA 4 mm",88.91),
("CR14V","MECHA DE WIDIANEIKE CORTA 5 mm",88.91),
("CR1V","MECHA DE WIDIANEIKE CORTA 6 mm",117.45),
("CAK","MECHA DE WIDIANEIKE CORTA 8 mm",139.16),
("CN20V","MECHA DE WIDIANEIKE INTERMEDIA 10 mm",341.24),
("COB12P","MECHA DE WIDIANEIKE INTERMEDIA 12 mm",465.87),
("COB1P","MECHA DE WIDIANEIKE INTERMEDIA 6 mm",241.82),
("COB20P","MECHA DE WIDIANEIKE INTERMEDIA 8 mm",278.52),
("COB4P","MECHA DE WIDIANEIKE LARGA 10 mm",478.56),
("CON12P","MECHA DE WIDIANEIKE LARGA 12 mm",600.39),
("CON1P","MECHA DE WIDIANEIKE LARGA 6 mm",363.66),
("CON20P","MECHA DE WIDIANEIKE LARGA 8 mm",418.18),
("CON4P","MEMBRANA AUTOADHESIVA 10cm X 10mt 2mm",714.32),
("COR12P","MEMBRANA AUTOADHESIVA 15cm X 10mt 2mm",1068.80),
("COR1P","MEMBRANA AUTOADHESIVA 25cm X 10mt 2mm",1785.38),
("COR20P","MENSULA AIRE ACONDICIONADO 3000-4500FG (42CM)",924.38),
("COR4P","MENSULA AIRE ACONDICIONADO 4500-6000FG (50CM)",1133.90),
("CLLV","MENSULA PILETA AMURAR 40 CM.",1087.58),
("CLCV","MENSULA PILETA AMURAR 55 CM.",1353.21),
("CC4K","MENSULA PILETA C/TARUGO 24 CM. (ARRIMAR)",686.94),
("CC5K","MENSULA PILETA C/TARUGO 31 CM. (ARRIMAR)",795.68),
("C20","MENSULA PILETA C/TARUGO 40 CM. (ARRIMAR)",1087.38),
("C20G","MENSULA PILETA C/TARUGO 50 CM. (ARRIMAR)",1319.97),
("C25","MENSULA PILETA REGULABLE REFORZADA (ARRIMAR)",921.30),
("C25G","METRO DOBLE CUZCO",634.27),
("C25V","METRO SIMPLE CUZCO",312.27),
("C30V","MEZCLADORA PARA TALADRO Nº1 (ROT. 50MM.)",345.12),
("C35V","MEZCLADORA PARA TALADRO Nº2 (ROT. 65MM.)",487.51),
("C20M","MEZCLADORA PARA TALADRO Nº3 (ROT. 90MM.)",559.09),
("C40M","MORSA HE-FA A CADENA  Nº4 (Hasta agotar)",11739.20),
("C45M","MORSA HE-FA A CADENA Nº2 (Hasta agotar)",2425.97),
("C50M","NIVEL ALUMINIO ANEMI 30 cm.",1011.78),
("C30","NIVEL ALUMINIO ANEMI 40 cm.",1136.74),
("C30G","NIVEL ALUMINIO ANEMI 50 cm.",1210.27),
("C35","NIVEL MADERA ANEMI 30 cm.",579.83),
("C35G","NIVEL MADERA ANEMI 40 cm.",610.11),
("C40","NIVEL MADERA ANEMI 50 cm.",750.65),
("C40G","NIVEL PLASTICO ANEMI 35 cm.",785.98),
("C45","NIVEL PLASTICO ANEMI 45 cm.",864.93),
("CC25G","PALA FG CABO DE HIERRO ANCHA",2030.00),
("CC25ER","PALA FG CABO DE HIERRO PUNTA",2030.00),
("CC30ER","PALA FG HIERRO POCERO",2247.50),
("CC30G","PALA GHERARDI CESPED",5294.86);

INSERT INTO deposito
VALUES ("AGC",41),
("A00C",73),
("A402C",79),
("A403C",20),
("A404C",48),
("A408C",54),
("A409C",1),
("A0C",57),
("A1C",96),
("A2C",44),
("A3C",31),
("A4C",75),
("A5C",38),
("A6C",22),
("A7C",11),
("A8C",43),
("A9C",84),
("A10C",22),
("A11C",81),
("A12CA",21),
("A13C",12),
("AAC",61),
("ABC",89),
("A812C",74),
("A1016C",87),
("A1220C",24),
("A1625C",50),
("A2032C",39),
("A2540C",85),
("A3250C",21),
("A4060C",17),
("A5070C",54),
("A6080C",65),
("A7090C",3),
("A80100C",36),
("AS1T",84),
("AMT",38),
("ACR3412D",65),
("ACV12D",6),
("ACV34D",8),
("ACR134D",73),
("ACTR3412",46),
("ACC12D",9),
("ACC34D",65),
("ACT12D",24),
("ACT34D",96),
("AC114D",4),
("AC12D",17),
("AC34D",87),
("AC1D",71),
("AC2D",29),
("AS",42),
("ASA",81),
("AP50D",54),
("AP100D",25),
("AP250D",61),
("AP500D",2),
("AP60T",32),
("AP110T",96),
("AP250T",82),
("ANA14E",16),
("ANA17E",27),
("AGA10A",48),
("AGA12A",32),
("AGA14A",15),
("AGA16A",26),
("ARRR",19),
("AEA",36),
("AEPA",74),
("AG10",66),
("AG12",79),
("AG14",76),
("AG16",87),
("ANA16E",64),
("AN9E",38),
("AN14",93),
("AN16",88),
("AN12E",37),
("AN17E",78),
("AS090S",8),
("AS120S",66),
("AS080S",75),
("AIAK",62),
("AA75K",39),
("AG230K",24),
("ACO5C",81),
("ACO6C",5),
("ACO8C",20),
("AMC6C",93),
("AMC8C",0),
("APC6C",80),
("APC8C",98),
("AU6C",33),
("AU7C",46),
("AU8C",82),
("ATAAK",70),
("ATANK",32),
("A440ATNK",26),
("A440AAK",48),
("A1EV",64),
("A1NV",9),
("A2EV",12),
("A2NV",92),
("A250D",85),
("A300D",82),
("APV",76),
("AA440K",59),
("AAK",28),
("A12P",91),
("A14P",53),
("A1P",2),
("A200P",38),
("A20P",78),
("A4P",75),
("A78RG",83),
("A916RG",21),
("AG1H",63),
("AG34H",16),
("AG58H",21),
("ASCPC",38),
("ASCPT",67),
("ASF",87),
("ASJC",10),
("AIBV",34),
("AACC0G",85),
("AACC1G",71),
("AACC2G",56),
("ACCC0G",51),
("ACCC1G",80),
("ACCC2G",65),
("AMCC2G",51),
("AMCC212G",89),
("AMCC3G",90),
("AMCC312G",45),
("AA0G",11),
("AA1G",95),
("AA2G",31),
("AC0G",43),
("AC1G",53),
("AC1F",83),
("AC2F",18),
("AC2G",29),
("AC3F",6),
("AM2G",75),
("AM212G",70),
("AM3G",17),
("AM312G",9),
("BEE",23),
("6600100D",77),
("660040D",89),
("B7545740",57),
("B7545760",27),
("B7545780",98),
("B7553340",74),
("B7553360",36),
("B7553380",55),
("B7561040",83),
("B7561060",18),
("B7561080",27),
("BPGC",65),
("BCM",78),
("BQM",37),
("BATK",86),
("BT440K",15),
("BAMK",63),
("BM20P",83),
("BM200P",83),
("BM1P",49),
("BM12P",64),
("BM4P",36),
("BS20P",77),
("BS200P",40),
("BS1P",57),
("BS12P",37),
("BS14P",81),
("BS4P",1),
("BELBA",88),
("BCCLA",88),
("BCSLA",87),
("BCCA",38),
("BCLA",95),
("BD3A",56),
("BD10A",35),
("BEBA",100),
("BEBEA",12),
("BEA",38),
("BFCLA",75),
("BFSLA",61),
("B160A",45),
("B180A",90),
("B200A",78),
("B220A",32),
("B240A",72),
("BUA",9),
("BMN",94),
("BMCCN",82),
("BHT",44),
("BHGC",78),
("BHCC",78),
("B120",56),
("B40M",28),
("B50M",77),
("B60M",98),
("B70M",69),
("B80M",82),
("B100M",24),
("B120M",29),
("BI252000",11),
("BI321600",19),
("B40",50),
("B50",82),
("B60",4),
("B70",86),
("B80",42),
("BMC33103",34),
("BMC73113",45),
("BSD60F",80),
("BSI60F",8),
("BSR60F",3),
("BSD80F",61),
("BSI80F",77),
("BSR80F",36),
("BSD6078F",7),
("BSI6078F",19),
("BSR6078F",24),
("BSD8078F",68),
("BSI8078F",84),
("BSR8078F",1),
("BD100333",42),
("BI100333",16),
("BC100100",20),
("BC10075F",25),
("BC10088F",29),
("BH100100",48),
("BH7536F",74),
("BH7575F",52),
("BH10036F",69),
("BH10075F",41),
("BH10088F",15),
("BCD11055",16),
("BCI11055",47),
("BCD14070",75),
("BCI14070",51),
("BCD16080",82),
("BCI16080",80),
("BMD11055",53),
("BMI11055",40),
("BMD14070",12),
("BMI14070",4),
("BMD16080",30),
("BMI16080",43),
("BTCF",74),
("BTMF",25),
("BD802015",41),
("BI802015",14),
("BR802015",95),
("BR100333",81),
("BI6022F",90),
("BD60333F",42),
("BI60333F",95),
("BR60333F",73),
("BI8022F",57),
("BD80333F",29),
("BI80333F",86),
("BR80333F",77),
("BI9022F",56),
("BD6022F",30),
("BR6022F",51),
("BD8022F",82),
("BR8022F",32),
("BD9022F",22),
("BR9022F",19),
("BC7575F",65),
("BR2315F",80),
("BR2515F",44),
("BD2315F",40),
("BI2315F",3),
("BD2515F",77),
("BI2515F",30),
("BCLRP42L",52),
("BCLRL50L",72),
("BV",2),
("BUPS",97),
("BMSC",48),
("B14312P",3),
("B143P",84),
("B144P",49),
("B381P",91),
("B38112P",55),
("B3812P",16),
("B382P",11),
("B38212P",97),
("B383P",78),
("B38312P",68),
("B3834P",95),
("B384P",75),
("B516112P",81),
("B5161P",80),
("B51612P",24),
("B516212P",89),
("B5162P",18),
("B516312P",54),
("B5163P",97),
("B51634P",75),
("B5164P",72),
("B12112P",24),
("B121P",43),
("B12212P",79),
("B122P",8),
("B12312P",58),
("B123P",74),
("B124P",98),
("B14112P",69),
("B141P",15),
("B1412P",92),
("B14212P",77),
("B142P",59),
("B1434P",87),
("B516412P",6),
("B716112P",48),
("B7161P",63),
("B716212P",41),
("B7162P",0),
("B716312P",36),
("B7163P",34),
("B7164P",55),
("BR516112",42),
("BR516114",6),
("BR516134",90),
("BR516212",35),
("BR516234",79),
("BR516312",73),
("BR516314",69),
("BR516412",4),
("BR14114P",42),
("BR14212P",46),
("BR14234P",76),
("BR14312P",35),
("BR14314P",51),
("BR38112P",32),
("BR38212P",15),
("BR38312P",90),
("BR38412P",34),
("BR141P",78),
("BR142P",84),
("BR143P",91),
("BR144P",14),
("BR381P",16),
("BR382P",25),
("BR383P",90),
("BR385P",85),
("BR386P",15),
("BR387P",100),
("BR388P",30),
("BR5162P",74),
("BR5163P",2),
("BR5164P",76),
("BR5165P",32),
("BR5166P",47),
("BR5167P",35),
("BC",5),
("CAECA24S",39),
("CAECA25S",30),
("CAECA26S",0),
("CAESA24S",16),
("CAESA25S",83),
("CAESA26S",8),
("CAICA24S",9),
("CAICA25S",65),
("CAICA26S",70),
("CAISA24S",2),
("CAISA25S",24),
("CAISA26S",21),
("CFAI24SC",32),
("CFAI25SC",21),
("CFAI26SC",47),
("CSCMSJ",28),
("CSCGSJ",90),
("CSCCSJ",76),
("CFVCGR",83),
("CFVLGR",73),
("CFVCFR",19),
("CFVLFR",25),
("CRA",65),
("CCP",47),
("CPMR",35),
("CAFA",20),
("CA120M",43),
("CA135M",47),
("CA150M",82),
("CGM",59),
("CH90M",83),
("CHVG",58),
("CHM",69),
("CMA25",78),
("CMA30",81),
("CMA35",95),
("CMA40",82),
("CMC25",85),
("CMC30",63),
("CMC35",50),
("CMG35",58),
("CM90G",19),
("CP60M",9),
("CP70M",26),
("CPP60M",16),
("CPP70M",22),
("CP90M",82),
("CRM",34),
("CN15",85),
("CN17",50),
("CN18",58),
("CBPLC",44),
("CBPC",92),
("CP25O",61),
("CP30O",11),
("CP35O",89),
("CP40O",23),
("CP45O",60),
("CP50O",82),
("CP55O",7),
("CP60O",20),
("CP65O",22),
("CP70O",75),
("CP80O",98),
("CP90O",4),
("CP100O",81),
("CP110O",1),
("CP120O",87),
("CP130O",20),
("CP140O",49),
("CP160O",20),
("CZ25O",60),
("CZ30O",30),
("CZ35O",80),
("CZ40O",17),
("CZ45O",5),
("CZ50O",25),
("CZ55O",50),
("CZ60O",64),
("CZ65O",28),
("CZ70O",78),
("CZ80O",72),
("CZ90O",73),
("CZ100O",85),
("CZ110O",14),
("CZ120O",27),
("CZ130O",30),
("CZ140O",43),
("CZ160O",90),
("CFA24SC",42),
("CFA25SC",53),
("CFA26SC",100),
("CICA",53),
("CIGA",59),
("CE4S",37),
("CE6S",48),
("CSA507P",100),
("CSE501P",89),
("CSE502P",46),
("CSE503P",4),
("CSE504P",5),
("CSA505P",14),
("CSA506P",22),
("CABA",76),
("CAAV",75),
("CER",97),
("CEBA",53),
("CP25RBV",43),
("CP25RAV",29),
("CG22V",46),
("CIBA",82),
("CIPA",55),
("CE12A",73),
("CE14A",65),
("CE17A",47),
("CE22A",65),
("CMC",91),
("CMLDD",82),
("CML1D",7),
("CPI1D",15),
("CPL12D",15),
("CPL34D",8),
("CPM12D",26),
("CPM34D",73),
("CVR34D",27),
("CVR1D",30),
("CPVR34D",31),
("CPVR1D",6),
("CS40T",63),
("CS50T",25),
("CL30P",89),
("CL40P",31),
("CL50P",19),
("CN30P",15),
("CB30P",83),
("CB40P",9),
("CB50P",6),
("CB60P",63),
("CB32C",26),
("CB38C",33),
("CB50C",11),
("CB63C",86),
("C30T",39),
("C40T",88),
("C50T",93),
("CDPP",17),
("CGT",19),
("CK40P",58),
("CK50P",50),
("CMT",11),
("CT30P",74),
("CT40P",63),
("CT50P",78),
("CT60P",12),
("CPLDD",60),
("CB12L",68),
("CB34L",21),
("CM12L",78),
("CM34L",14),
("CP12C",45),
("CFCV",95),
("C07V",99),
("C102V",7),
("C103V",84),
("C104V",80),
("C111V",96),
("C114V",60),
("C116V",75),
("C13V",19),
("C205V",74),
("C27V",28),
("C3BV",69),
("C3V",88),
("C317V",8),
("CPNPMD",2),
("CPNPND",23),
("CCM80D",28),
("CCM100D",53),
("CCN80D",1),
("CCN100D",83),
("CND",85),
("CMD",83),
("CA",49),
("CAV",66),
("CAA",50),
("CPF5F",31),
("CAR12A",51),
("CAR14A",20),
("CAR38A",40),
("CAR516A",33),
("CHE12A",95),
("CHE34A",9),
("CHE58A",96),
("CM312A",94),
("CM334A",67),
("CM358A",62),
("CM412A",11),
("CM434A",48),
("CM458A",32),
("COS",81),
("C200F",45),
("CSI18F",34),
("C511F",2),
("C514F",87),
("C5118F",26),
("C911F",84),
("C914F",30),
("C9110F",94),
("C9118F",74),
("C8118F",86),
("C10F",79),
("C12F",3),
("C14F",37),
("C18F",36),
("C18FO",96),
("C1F",14),
("C4F",23),
("C50F",35),
("CST12F",44),
("CST14F",67),
("CST18F",58),
("CST18FO",27),
("CST1F",55),
("CST4F",27),
("CST50F",86),
("CST10F",72),
("CBCMR",99),
("CC41",31),
("CC51",47),
("CC61",62),
("CC71",80),
("CC81",0),
("CC101",35),
("CCNR75R",96),
("CCNR100R",24),
("CDV12R",71),
("CDV17R",35),
("CDV24R",27),
("CDV30R",31),
("CCR60R",68),
("CCR75R",28),
("CCR100R",0),
("CBC",93),
("C419C",83),
("C619C",25),
("CB30C",83),
("CB42",97),
("CB44",50),
("CB46",38),
("CB48",28),
("CB50",60),
("CCN75R",20),
("CCN100R",83),
("CCP60R",17),
("CCP75R",10),
("CCP100R",81),
("CCV50R",63),
("CCV75R",14),
("CPV100R",1),
("CPV50R",2),
("CPV75R",20),
("C201HPC",41),
("C206HPC",18),
("CCR110P",46),
("CH200CP",33),
("CPCA",95),
("C105P",99),
("C207B",18),
("C208B",72),
("C214P",91),
("C101A",33),
("C200B",68),
("C200N",81),
("C205N",74),
("C207NP",29),
("C208NP",75),
("C2103T",49),
("C106P",61),
("CDBC",92),
("CDCC",29),
("C2104T",18),
("C600T",40),
("C615T",25),
("C700T",38),
("C101",1),
("C102",96),
("C1020",100),
("C1025",50),
("C107",99),
("C113",49),
("C201",54),
("C204P",95),
("C205",24),
("C206",83),
("C209",10),
("C2105",43),
("C2107",35),
("C3101T",39),
("C5105",28),
("C6624",55),
("C6625",56),
("C1001T",5),
("C1002T",57),
("C120P",1),
("C200",43),
("C207",25),
("C208",38),
("C3002T",100),
("C601C",18),
("C602C",97),
("C2001P",12),
("C2003P",71),
("C2005P",5),
("C2007P",20),
("C216P",1),
("C202P",73),
("C203",84),
("C210",15),
("C212P",67),
("C5101T",86),
("C211P",79),
("C213P",79),
("CSAS",32),
("CSRS",49),
("CS",57),
("CC12PS",4),
("CC34PS",49),
("CPA8065T",24),
("CPA8045T",39),
("CPA8085T",30),
("CAR",67),
("CMP",0),
("CDNAD",83),
("CDCP5R",3),
("CDCP10R",76),
("CDCP15R",91),
("CDCP20R",53),
("CMR525E",32),
("CPC205R",49),
("CPC40R",92),
("CPP250R",23),
("CPP400R",94),
("CDTND",7),
("CEMC",94),
("CETC",71),
("CPRVT",29),
("CV18D",99),
("CV48D",17),
("CP50F",14),
("CP100F",46),
("CP200F",93),
("CAN10D",59),
("CAN20D",81),
("CAB10D",59),
("CAB20D",4),
("CA18D",11),
("CA24D",19),
("CA36D",25),
("CA48D",88),
("CDC5T",40),
("CDC10T",42),
("CDC15T",48),
("CDP5T",36),
("CDP10T",78),
("CDTAD",83),
("CDTGD",55),
("CEMD",72),
("CETD",49),
("C18C",65),
("C24C",37),
("C36C",83),
("C48C",12),
("C12D",83),
("C18D",94),
("C24D",39),
("C36D",43),
("C48D",21),
("C12C",15),
("CMR2C",45),
("CMR3C",74),
("CMR5C",74),
("CMCF8C",43),
("CMCF10C",38),
("CM3S",22),
("CM5S",83),
("CM8S",66),
("CM15C",4),
("CM20C",78),
("CM30C",71),
("CM50C",91),
("CM10C",32),
("CM10SC",38),
("CPBT",64),
("CPVT",23),
("CPPF112",14),
("CPPF212",58),
("CPPF312",35),
("CPPF1",26),
("CPPF2",59),
("CPPF3",85),
("CPPF4",22),
("CPPF5",43),
("CPPF6",45),
("CPPF7",96),
("CPPF8E",12),
("CPPG1",84),
("CPPG2",86),
("CPPG3",38),
("CPPG4",80),
("CPPG5",70),
("CPPG6",5),
("CPPG7",37),
("CPPG8",71),
("CPPG112",87),
("CPPG212",34),
("CPPG312",72),
("CCP1620",3),
("CCP1625",71),
("CCP1630",13),
("CA17020E",17),
("CA17025E",79),
("CA25025E",6),
("CA25030E",71),
("CA25040E",88),
("CEF1E",47),
("CEF2E",45),
("CEF3E",85),
("CEF4E",77),
("CEF5E",49),
("CEF6E",21),
("CEF112E",68),
("CEF212E",23),
("CEG1E",62),
("CEG2E",83),
("CEG3E",82),
("CEG4E",3),
("CEG5E",87),
("CEG6E",47),
("CEG112E",54),
("CEG212E",1),
("CMPBS",20),
("CMPNS",22),
("CA225EE",3),
("CA230EE",81),
("CA240EE",96),
("CA330EE",81),
("CA340EE",16),
("CA350EE",67),
("CA360EE",63),
("CCP2128",89),
("CCP38",10),
("CCP48",23),
("CC1225E",53),
("CC1230E",60),
("CC1232E",91),
("CC1238E",3),
("CC1450E",82),
("CC1550E",70),
("CC1663E",86),
("CCC612",29),
("CCC616",0),
("CCC716",29),
("CCC720",3),
("CCC820",24),
("CCC825",8),
("CCC830",48),
("CCC920",80),
("CCC925",19),
("CCC930",42),
("CCC1020",28),
("CCC1025",36),
("CCC1030",31),
("CCC1035",27),
("CCC1040",22),
("CCC1230",71),
("CCC1235",43),
("CCC1240",32),
("CCC1250",23),
("CCC1440",39),
("CCC1450",20),
("CCC1550",51),
("CCC1663",82),
("CCC1776",73),
("CC112E",61),
("CC212E",51),
("CC2E",100),
("CP21284B",56),
("CP384B",70),
("CP484B",17),
("CCP612",100),
("CCP616",52),
("CCP716",83),
("CCP720",0),
("CCP820",94),
("CCP825",13),
("CCP830",76),
("CCP920",30),
("CCP925",89),
("CCP930",79),
("CCP935E",52),
("CCP1020",52),
("CCP1025",45),
("CCP1030",76),
("CCP1035",92),
("CCP1040",36),
("CCP1230",81),
("CCP1235",67),
("CCP1240",47),
("CCP1250",73),
("CCP1440",60),
("CCP1450",3),
("CCP1550",58),
("CCP1663",49),
("CCP1776",48),
("CP35P",49),
("CP33P",91),
("CSP20T",69),
("CST15200",52),
("CC20F",66),
("CT200F",92),
("CPM25F",50),
("CPM1F",47),
("CPM5F",36),
("CSCPF",72),
("CS220F",78),
("C125T",68),
("C250T",57),
("C500T",68),
("C1000T",93),
("CS1F",44),
("CS12F",57),
("CS14F",25),
("CS18F",57),
("CS24F",69),
("CS6F",12),
("CT151F",13),
("CT156F",89),
("CX361F",44),
("CX366F",72),
("CX3622F",42),
("C4PP",45),
("C6PP",19),
("CAD42SC",26),
("CAD67SC",71),
("CAD93SC",11),
("CAD117SC",64),
("CAD140SC",28),
("CAI42SC",49),
("CAI67SC",41),
("CAI93SC",92),
("CAI117SC",99),
("CA42SC",26),
("CA67SC",72),
("CA93SC",1),
("CA117SC",53),
("CA140SC",26),
("CA165SC",37),
("CA190SC",34),
("CA215SC",40),
("CA240SC",41),
("CA290SC",12),
("CM12V",83),
("CM34V",46),
("CP42SC",26),
("CP67SC",89),
("CP93SC",64),
("CP117SC",90),
("CCPS",55),
("CE40D",61),
("CE50D",98),
("CF3PPS",17),
("CFPPS",26),
("CR",27),
("CBB12P",65),
("CBB14P",76),
("CBB20P",57),
("CBN12P",8),
("CBN14P",21),
("CBB1P",67),
("CBB4P",42),
("CBN1P",38),
("CBN20P",76),
("CBN4P",23),
("CB12V",51),
("CB14V",31),
("CB1V",23),
("CB4V",89),
("CVI12V",81),
("CVI14V",3),
("CVI1V",43),
("CVI4V",17),
("CN12V",52),
("CN14V",46),
("CN1V",3),
("CN4V",85),
("CR4V",20),
("CR12V",5),
("CR14V",3),
("CR1V",69),
("CAK",28),
("CN20V",79),
("COB12P",45),
("COB1P",16),
("COB20P",15),
("COB4P",95),
("CON12P",16),
("CON1P",19),
("CON20P",95),
("CON4P",49),
("COR12P",19),
("COR1P",5),
("COR20P",44),
("COR4P",77),
("CLLV",58),
("CLCV",81),
("CC4K",68),
("CC5K",66),
("C20",95),
("C20G",87),
("C25",45),
("C25G",8),
("C25V",9),
("C30V",49),
("C35V",15),
("C20M",4),
("C40M",24),
("C45M",62),
("C50M",78),
("C30",71),
("C30G",21),
("C35",10),
("C35G",18),
("C40",23),
("C40G",22),
("C45",0),
("CC25G",24),
("CC25ER",37),
("CC30ER",66),
("CC30G",43);